outcome,event_month,coef,std_error,t_stat,p_value,ci_low_95,ci_high_95,baseline_month_omitted,pretrend_joint_wald_stat,pretrend_joint_p_value,mean_pre_event_coef,mean_post_event_coef,cumulative_post_coef_0_6,cumulative_post_coef_0_12
avg_first_response_hours,-12,1.7004211045957198,2.1190435297750327,0.8024474630666243,0.4229379662066157,-2.452904213763344,5.853746422954784,-1,-3.019460175422357e+16,1.0,-0.9260329298968387,1.8610394950025262,15.886271119657316,27.643442268511997
avg_first_response_hours,-11,-0.729430522304548,1.319812309842064,-0.5526774654737352,0.5809013996503938,-3.3162626495949934,1.8574016049858977,-1,-3.019460175422357e+16,1.0,-0.9260329298968387,1.8610394950025262,15.886271119657316,27.643442268511997
avg_first_response_hours,-10,-2.023330619839126,1.3275378210475672,-1.5241227690541463,0.12854571536639625,-4.625304749092358,0.578643509414106,-1,-3.019460175422357e+16,1.0,-0.9260329298968387,1.8610394950025262,15.886271119657316,27.643442268511997
avg_first_response_hours,-9,1.8693702433766282,1.2358108700228179,1.5126669369254797,0.1314312076447015,-0.5528190618680946,4.2915595486213505,-1,-3.019460175422357e+16,1.0,-0.9260329298968387,1.8610394950025262,15.886271119657316,27.643442268511997
avg_first_response_hours,-8,-3.0120668870937246,1.2044375734818713,-2.5008078072375586,0.012931482298587538,-5.372764531118192,-0.651369243069257,-1,-3.019460175422357e+16,1.0,-0.9260329298968387,1.8610394950025262,15.886271119657316,27.643442268511997
avg_first_response_hours,-7,0.4611521494656721,1.1667907879889023,0.39523122243750375,0.6929569253349035,-1.8257577949925765,2.7480620939239206,-1,-3.019460175422357e+16,1.0,-0.9260329298968387,1.8610394950025262,15.886271119657316,27.643442268511997
avg_first_response_hours,-6,-3.8931102414144196,0.7347334488575935,-5.2986702149842975,2.282099620387612e-07,-5.333187801175303,-2.4530326816535366,-1,-3.019460175422357e+16,1.0,-0.9260329298968387,1.8610394950025262,15.886271119657316,27.643442268511997
avg_first_response_hours,-5,-0.1934808012179937,2.2452188455521878,-0.08617458454051465,0.9313858958211694,-4.594109738500281,4.207148136064294,-1,-3.019460175422357e+16,1.0,-0.9260329298968387,1.8610394950025262,15.886271119657316,27.643442268511997
avg_first_response_hours,-4,0.4249639810485662,0.9015145716087933,0.4713889208581497,0.6377102736558462,-1.3420045793046687,2.191932541401801,-1,-3.019460175422357e+16,1.0,-0.9260329298968387,1.8610394950025262,15.886271119657316,27.643442268511997
avg_first_response_hours,-3,-2.080253660749377,1.5991203179635862,-1.3008737600173164,0.19431344551219243,-5.214529483958006,1.054022162459252,-1,-3.019460175422357e+16,1.0,-0.9260329298968387,1.8610394950025262,15.886271119657316,27.643442268511997
avg_first_response_hours,-2,-2.7105969747326237,1.2214587684104985,-2.219147338276479,0.027234773338854934,-5.104656160817201,-0.3165377886480467,-1,-3.019460175422357e+16,1.0,-0.9260329298968387,1.8610394950025262,15.886271119657316,27.643442268511997
avg_first_response_hours,0,5.205899641446263,0.5716547472439147,9.106719862898295,0.0,4.08545633684819,6.326342946044336,-1,-3.019460175422357e+16,1.0,-0.9260329298968387,1.8610394950025262,15.886271119657316,27.643442268511997
avg_first_response_hours,1,3.1172326519355895,1.7958008149852422,1.735845437825579,0.08363178301154872,-0.402536945435485,6.637002249306664,-1,-3.019460175422357e+16,1.0,-0.9260329298968387,1.8610394950025262,15.886271119657316,27.643442268511997
avg_first_response_hours,2,3.0888675363303038,1.4073281346255093,2.194845296084593,0.028951228878469903,0.3305043924643054,5.8472306801963025,-1,-3.019460175422357e+16,1.0,-0.9260329298968387,1.8610394950025262,15.886271119657316,27.643442268511997
avg_first_response_hours,3,1.456476386786944,1.5375646395921745,0.9472618901884096,0.34427801662307767,-1.5571503068137182,4.470103080387606,-1,-3.019460175422357e+16,1.0,-0.9260329298968387,1.8610394950025262,15.886271119657316,27.643442268511997
avg_first_response_hours,4,0.1257409406047963,1.2821266298795857,0.09807216984222969,0.9219413631752413,-2.3872272539591917,2.638709135168784,-1,-3.019460175422357e+16,1.0,-0.9260329298968387,1.8610394950025262,15.886271119657316,27.643442268511997
avg_first_response_hours,5,1.1848001281061777,0.9731795296343739,1.2174527844326013,0.22440166735213007,-0.722631749977195,3.0922320061895503,-1,-3.019460175422357e+16,1.0,-0.9260329298968387,1.8610394950025262,15.886271119657316,27.643442268511997
avg_first_response_hours,6,1.707253834447242,1.1897932606674417,1.4349163765556372,0.15236665936706273,-0.6247409564609439,4.0392486253554285,-1,-3.019460175422357e+16,1.0,-0.9260329298968387,1.8610394950025262,15.886271119657316,27.643442268511997
avg_first_response_hours,7,1.441397573519864,0.9766904290622533,1.475797786719164,0.14106113673145826,-0.4729156674421524,3.3557108144818804,-1,-3.019460175422357e+16,1.0,-0.9260329298968387,1.8610394950025262,15.886271119657316,27.643442268511997
avg_first_response_hours,8,2.0886541247099837,1.6529391660614365,1.263600117653908,0.20736787422481906,-1.1511066407704318,5.328414890190399,-1,-3.019460175422357e+16,1.0,-0.9260329298968387,1.8610394950025262,15.886271119657316,27.643442268511997
avg_first_response_hours,9,2.788592610430231,1.467160766164037,1.9006728333672267,0.05831619172585678,-0.08704249125128127,5.664227712111744,-1,-3.019460175422357e+16,1.0,-0.9260329298968387,1.8610394950025262,15.886271119657316,27.643442268511997
avg_first_response_hours,10,3.7977777464131224,0.9179089657747618,4.137423086621237,4.582089084625984e-05,1.9986761734945893,5.596879319331656,-1,-3.019460175422357e+16,1.0,-0.9260329298968387,1.8610394950025262,15.886271119657316,27.643442268511997
avg_first_response_hours,11,0.4659620149561438,1.3515460230814729,0.3447622256279282,0.7305179673621414,-2.183068190283543,3.1149922201958304,-1,-3.019460175422357e+16,1.0,-0.9260329298968387,1.8610394950025262,15.886271119657316,27.643442268511997
avg_first_response_hours,12,1.1747870788253347,1.758988566110286,0.6678764725703609,0.5047328508212421,-2.2728305107508255,4.622404668401495,-1,-3.019460175422357e+16,1.0,-0.9260329298968387,1.8610394950025262,15.886271119657316,27.643442268511997
avg_first_response_hours,13,1.3004048086872688,2.9309454172081,0.4436810051297311,0.6575973737201184,-4.444248209040607,7.045057826415144,-1,-3.019460175422357e+16,1.0,-0.9260329298968387,1.8610394950025262,15.886271119657316,27.643442268511997
avg_first_response_hours,14,3.0886178832467923,1.2095735220389243,2.553476764306519,0.011166647873373403,0.7178537800505005,5.459381986443084,-1,-3.019460175422357e+16,1.0,-0.9260329298968387,1.8610394950025262,15.886271119657316,27.643442268511997
avg_first_response_hours,15,1.3399403023662084,0.606746253240778,2.208403093071056,0.0279824429776665,0.1507176460142836,2.5291629587181332,-1,-3.019460175422357e+16,1.0,-0.9260329298968387,1.8610394950025262,15.886271119657316,27.643442268511997
avg_first_response_hours,16,1.2709515430989178,0.9288468229787992,1.3683112345940889,0.1722523786605985,-0.5495882299395285,3.091491316137364,-1,-3.019460175422357e+16,1.0,-0.9260329298968387,1.8610394950025262,15.886271119657316,27.643442268511997
avg_first_response_hours,17,0.7208551789288007,1.4275388119709684,0.5049636289282624,0.6139601236797334,-2.077120892534297,3.518831250391899,-1,-3.019460175422357e+16,1.0,-0.9260329298968387,1.8610394950025262,15.886271119657316,27.643442268511997
avg_first_response_hours,18,-0.004461579791984898,2.044595201264255,-0.002182133553490747,0.9982603806054722,-4.011868174269925,4.002945014685955,-1,-3.019460175422357e+16,1.0,-0.9260329298968387,1.8610394950025262,15.886271119657316,27.643442268511997
backlog_open_end_month,-12,-15.807566666310988,9.024413150755567,-1.7516448329925478,0.08087054571924157,-33.495416441791896,1.8802831091699215,-1,3.866870336675644e+16,0.0,-10.134937397523363,-3.797540810781527,-21.531895900905752,-67.14713743417617
backlog_open_end_month,-11,4.171867493814627,8.83445345630338,0.4722270046980666,0.6371127184039154,-13.143661280539998,21.487396268169253,-1,3.866870336675644e+16,0.0,-10.134937397523363,-3.797540810781527,-21.531895900905752,-67.14713743417617
backlog_open_end_month,-10,13.540154466973013,9.723714895642566,1.392487810707067,0.1648198646571295,-5.518326728486416,32.59863566243244,-1,3.866870336675644e+16,0.0,-10.134937397523363,-3.797540810781527,-21.531895900905752,-67.14713743417617
backlog_open_end_month,-9,-32.47503490051874,14.356422908439336,-2.262056161735699,0.024419005527969828,-60.613623801059845,-4.336445999977645,-1,3.866870336675644e+16,0.0,-10.134937397523363,-3.797540810781527,-21.531895900905752,-67.14713743417617
backlog_open_end_month,-8,-12.464986108552681,17.410121891214423,-0.7159620240707689,0.4745792275574121,-46.58882501533295,21.658852798227592,-1,3.866870336675644e+16,0.0,-10.134937397523363,-3.797540810781527,-21.531895900905752,-67.14713743417617
backlog_open_end_month,-7,-15.228741514698074,6.740596701930089,-2.2592571827264947,0.02459462866021056,-28.44031105048105,-2.0171719789150995,-1,3.866870336675644e+16,0.0,-10.134937397523363,-3.797540810781527,-21.531895900905752,-67.14713743417617
backlog_open_end_month,-6,-8.639368801853587,11.488786050210411,-0.7519827390027306,0.45265896522131,-31.15738946026599,13.878651856558816,-1,3.866870336675644e+16,0.0,-10.134937397523363,-3.797540810781527,-21.531895900905752,-67.14713743417617
backlog_open_end_month,-5,-13.82488457782804,11.243844048413264,-1.2295514343939176,0.21984155938129657,-35.86281891271804,8.213049757061956,-1,3.866870336675644e+16,0.0,-10.134937397523363,-3.797540810781527,-21.531895900905752,-67.14713743417617
backlog_open_end_month,-4,-26.055643757418206,8.189747820377164,-3.181495246115925,0.0016208215952415728,-42.10754948535745,-10.003738029478964,-1,3.866870336675644e+16,0.0,-10.134937397523363,-3.797540810781527,-21.531895900905752,-67.14713743417617
backlog_open_end_month,-3,1.8484684503772753,9.392170415016286,0.19680950927188537,0.8441116729744724,-16.560185563054645,20.257122463809196,-1,3.866870336675644e+16,0.0,-10.134937397523363,-3.797540810781527,-21.531895900905752,-67.14713743417617
backlog_open_end_month,-2,-6.548575456741574,11.218004759333438,-0.5837558101669662,0.5598291721879307,-28.535864785035113,15.438713871551965,-1,3.866870336675644e+16,0.0,-10.134937397523363,-3.797540810781527,-21.531895900905752,-67.14713743417617
backlog_open_end_month,0,-4.219567558264797,18.941885750319077,-0.22276385856638997,0.8238729364218758,-41.34566362889019,32.906528512360595,-1,3.866870336675644e+16,0.0,-10.134937397523363,-3.797540810781527,-21.531895900905752,-67.14713743417617
backlog_open_end_month,1,1.4608373948382296,13.215168522286385,0.110542471885594,0.9120540808374442,-24.440892908843086,27.362567698519545,-1,3.866870336675644e+16,0.0,-10.134937397523363,-3.797540810781527,-21.531895900905752,-67.14713743417617
backlog_open_end_month,2,5.857463629560146,14.508355599022007,0.40373036003852786,0.686702521832248,-22.578913344522984,34.293840603643275,-1,3.866870336675644e+16,0.0,-10.134937397523363,-3.797540810781527,-21.531895900905752,-67.14713743417617
backlog_open_end_month,3,-8.028745542719957,7.979653677118632,-1.0061521298527145,0.31516417981996536,-23.668866749872475,7.611375664432561,-1,3.866870336675644e+16,0.0,-10.134937397523363,-3.797540810781527,-21.531895900905752,-67.14713743417617
backlog_open_end_month,4,-13.69617525168312,8.080193764020361,-1.6950305465036875,0.0911212736336735,-29.533355029163026,2.1410045257967862,-1,3.866870336675644e+16,0.0,-10.134937397523363,-3.797540810781527,-21.531895900905752,-67.14713743417617
backlog_open_end_month,5,0.9996892177782005,10.972304036721635,0.0911102366861585,0.9274666239229834,-20.506026694196205,22.505405129752607,-1,3.866870336675644e+16,0.0,-10.134937397523363,-3.797540810781527,-21.531895900905752,-67.14713743417617
backlog_open_end_month,6,-3.9053977904144563,11.343131550364806,-0.3442962618456854,0.7308679673734586,-26.137935629129473,18.327140048300564,-1,3.866870336675644e+16,0.0,-10.134937397523363,-3.797540810781527,-21.531895900905752,-67.14713743417617
backlog_open_end_month,7,-3.404103048755405,13.838912630056138,-0.24598052894431752,0.8058677841963031,-30.528371803665436,23.720165706154624,-1,3.866870336675644e+16,0.0,-10.134937397523363,-3.797540810781527,-21.531895900905752,-67.14713743417617
backlog_open_end_month,8,-12.767541177973666,9.337053230497942,-1.3674058466616215,0.17253553603804828,-31.06816550974963,5.533083153802298,-1,3.866870336675644e+16,0.0,-10.134937397523363,-3.797540810781527,-21.531895900905752,-67.14713743417617
backlog_open_end_month,9,-2.836101315628418,14.922200071307167,-0.19005919382368788,0.849393019116963,-32.08361345539046,26.411410824133625,-1,3.866870336675644e+16,0.0,-10.134937397523363,-3.797540810781527,-21.531895900905752,-67.14713743417617
backlog_open_end_month,10,-4.2151644222353,9.369978606947036,-0.449858489443094,0.6531417418799093,-22.58032249185149,14.149993647380889,-1,3.866870336675644e+16,0.0,-10.134937397523363,-3.797540810781527,-21.531895900905752,-67.14713743417617
backlog_open_end_month,11,-0.192186699265968,6.910079651239998,-0.02781251576911715,0.97783042552207,-13.735942815696362,13.351569417164427,-1,3.866870336675644e+16,0.0,-10.134937397523363,-3.797540810781527,-21.531895900905752,-67.14713743417617
backlog_open_end_month,12,-22.200144869411663,11.271708911454287,-1.9695456158251143,0.04982274168961731,-44.292694335862066,-0.10759540296126247,-1,3.866870336675644e+16,0.0,-10.134937397523363,-3.797540810781527,-21.531895900905752,-67.14713743417617
backlog_open_end_month,13,20.203321355843592,6.277927434643634,3.218151462591799,0.0014334103493973682,7.89858358394207,32.50805912774511,-1,3.866870336675644e+16,0.0,-10.134937397523363,-3.797540810781527,-21.531895900905752,-67.14713743417617
backlog_open_end_month,14,-10.640678665485668,8.158534039270496,-1.3042390476361996,0.19316533740112973,-26.63140538245584,5.350048051484503,-1,3.866870336675644e+16,0.0,-10.134937397523363,-3.797540810781527,-21.531895900905752,-67.14713743417617
backlog_open_end_month,15,-5.816787462991204,9.492595417595952,-0.6127710291127455,0.5404982422368996,-24.42227448147927,12.788699555496862,-1,3.866870336675644e+16,0.0,-10.134937397523363,-3.797540810781527,-21.531895900905752,-67.14713743417617
backlog_open_end_month,16,2.993111354854746,12.645981448713092,0.23668478140613888,0.8130650518734437,-21.793012284622915,27.77923499433241,-1,3.866870336675644e+16,0.0,-10.134937397523363,-3.797540810781527,-21.531895900905752,-67.14713743417617
backlog_open_end_month,17,-12.712162025822813,9.103900906876094,-1.3963423103849288,0.16365766474948407,-30.555807803299956,5.131483751654329,-1,3.866870336675644e+16,0.0,-10.134937397523363,-3.797540810781527,-21.531895900905752,-67.14713743417617
backlog_open_end_month,18,0.9670574729285012,7.129116286827713,0.13564899687711768,0.8921909717258778,-13.006010449253818,14.940125395110819,-1,3.866870336675644e+16,0.0,-10.134937397523363,-3.797540810781527,-21.531895900905752,-67.14713743417617
issue_burden_index,-12,-0.1780265992213156,0.7739335141554714,-0.23002828533091899,0.8182286746777825,-1.6949362869660396,1.3388830885234082,-1,-8.631642828782048e+16,1.0,-0.7017066167124107,0.4257196633753467,5.2249051215701305,8.630375698760707
issue_burden_index,-11,-0.41598138064209605,0.6248321248086404,-0.665749029420492,0.5060899934533811,-1.6406523452670312,0.8086895839828392,-1,-8.631642828782048e+16,1.0,-0.7017066167124107,0.4257196633753467,5.2249051215701305,8.630375698760707
issue_burden_index,-10,-0.5696210525206733,0.32327469493317035,-1.7620341506730968,0.07909570128266052,-1.2032394545896872,0.06399734954834058,-1,-8.631642828782048e+16,1.0,-0.7017066167124107,0.4257196633753467,5.2249051215701305,8.630375698760707
issue_burden_index,-9,-0.11548560168255426,0.2395514849274679,-0.4820909447400058,0.6300976141164718,-0.5850065121403913,0.3540353087752828,-1,-8.631642828782048e+16,1.0,-0.7017066167124107,0.4257196633753467,5.2249051215701305,8.630375698760707
issue_burden_index,-8,-1.283101841425299,0.39717897221425447,-3.23053819861627,0.0013747626901963184,-2.061572626965238,-0.5046310558853603,-1,-8.631642828782048e+16,1.0,-0.7017066167124107,0.4257196633753467,5.2249051215701305,8.630375698760707
issue_burden_index,-7,-0.5783688739081875,0.389269241659973,-1.4857810790337067,0.13840130218789648,-1.3413365875617345,0.18459883974535962,-1,-8.631642828782048e+16,1.0,-0.7017066167124107,0.4257196633753467,5.2249051215701305,8.630375698760707
issue_burden_index,-6,-1.1627756505719617,0.3341355390822867,-3.4799520391202923,0.0005769444250784961,-1.8176813071732436,-0.5078699939706798,-1,-8.631642828782048e+16,1.0,-0.7017066167124107,0.4257196633753467,5.2249051215701305,8.630375698760707
issue_burden_index,-5,-0.6980499227025969,0.3215690391319069,-2.170762224457369,0.030743766776646808,-1.3283252394011344,-0.06777460600405949,-1,-8.631642828782048e+16,1.0,-0.7017066167124107,0.4257196633753467,5.2249051215701305,8.630375698760707
issue_burden_index,-4,-0.48050179973936524,0.9140943974512125,-0.5256588390423986,0.5995188321877154,-2.2721268187437413,1.311123219265011,-1,-8.631642828782048e+16,1.0,-0.7017066167124107,0.4257196633753467,5.2249051215701305,8.630375698760707
issue_burden_index,-3,-0.5519169766989883,0.35233449635735664,-1.5664573932017272,0.11830998122729808,-1.2424925895594074,0.1386586361614307,-1,-8.631642828782048e+16,1.0,-0.7017066167124107,0.4257196633753467,5.2249051215701305,8.630375698760707
issue_burden_index,-2,-1.6849430847234794,0.3311353433979378,-5.088381890720194,6.427334200420631e-07,-2.3339683577834376,-1.0359178116635213,-1,-8.631642828782048e+16,1.0,-0.7017066167124107,0.4257196633753467,5.2249051215701305,8.630375698760707
issue_burden_index,0,0.9963375340219068,0.45168096915890776,2.2058435091414736,0.028163159952724337,0.1110428344704476,1.8816322335733662,-1,-8.631642828782048e+16,1.0,-0.7017066167124107,0.4257196633753467,5.2249051215701305,8.630375698760707
issue_burden_index,1,1.5461294793633713,0.5274659876392203,2.9312401474138334,0.003639282206264083,0.5122961435904996,2.579962815136243,-1,-8.631642828782048e+16,1.0,-0.7017066167124107,0.4257196633753467,5.2249051215701305,8.630375698760707
issue_burden_index,2,0.6559492113630214,0.2758346848585738,2.378051954196189,0.018039092040790683,0.11531322904021679,1.196585193685826,-1,-8.631642828782048e+16,1.0,-0.7017066167124107,0.4257196633753467,5.2249051215701305,8.630375698760707
issue_burden_index,3,0.3433294926581906,0.5252025810838606,0.6537086926527693,0.5138070048002787,-0.6860675662661762,1.3727265515825575,-1,-8.631642828782048e+16,1.0,-0.7017066167124107,0.4257196633753467,5.2249051215701305,8.630375698760707
issue_burden_index,4,-0.11231101953726745,0.7082252193447188,-0.1585809379129178,0.8741071858940952,-1.5004324494529162,1.2758104103783814,-1,-8.631642828782048e+16,1.0,-0.7017066167124107,0.4257196633753467,5.2249051215701305,8.630375698760707
issue_burden_index,5,0.7459656473930325,0.18564629451922415,4.018209193589834,7.443580600852151e-05,0.3820989101353532,1.1098323846507119,-1,-8.631642828782048e+16,1.0,-0.7017066167124107,0.4257196633753467,5.2249051215701305,8.630375698760707
issue_burden_index,6,1.0495047763078755,0.5232615150833374,2.0056983860942377,0.04579827606800135,0.023912206744534314,2.0750973458712165,-1,-8.631642828782048e+16,1.0,-0.7017066167124107,0.4257196633753467,5.2249051215701305,8.630375698760707
issue_burden_index,7,0.9468233248832716,0.42226008792200526,2.242275204229478,0.025683930213678874,0.11919355255614128,1.7744530972104018,-1,-8.631642828782048e+16,1.0,-0.7017066167124107,0.4257196633753467,5.2249051215701305,8.630375698760707
issue_burden_index,8,0.0237557875299796,0.6182057768493621,0.038426990525790836,0.9693731451655103,-1.18792753509477,1.2354391101547293,-1,-8.631642828782048e+16,1.0,-0.7017066167124107,0.4257196633753467,5.2249051215701305,8.630375698760707
issue_burden_index,9,0.7083740247996921,0.5936724100130051,1.1932069148778102,0.233743854010122,-0.4552238988257977,1.871971948425182,-1,-8.631642828782048e+16,1.0,-0.7017066167124107,0.4257196633753467,5.2249051215701305,8.630375698760707
issue_burden_index,10,0.9205358925178178,0.3014545718699838,3.053647144269689,0.0024662800417349917,0.32968493165264945,1.511386853382986,-1,-8.631642828782048e+16,1.0,-0.7017066167124107,0.4257196633753467,5.2249051215701305,8.630375698760707
issue_burden_index,11,0.39540864121967784,0.5222151399777164,0.7571757518109307,0.44954687289020145,-0.6281330331366464,1.418950315576002,-1,-8.631642828782048e+16,1.0,-0.7017066167124107,0.4257196633753467,5.2249051215701305,8.630375698760707
issue_burden_index,12,0.4105729062401368,0.4880556296841107,0.8412420250246394,0.4008914455894601,-0.5460161279407201,1.3671619404209938,-1,-8.631642828782048e+16,1.0,-0.7017066167124107,0.4257196633753467,5.2249051215701305,8.630375698760707
issue_burden_index,13,0.48577868946330943,0.3783143828106691,1.2840608539761011,0.20012482014119137,-0.255717500845602,1.2272748797722208,-1,-8.631642828782048e+16,1.0,-0.7017066167124107,0.4257196633753467,5.2249051215701305,8.630375698760707
issue_burden_index,14,0.40439368990924573,0.37478789372605403,1.0789934698499937,0.28146908969524853,-0.3301905817938201,1.1389779616123117,-1,-8.631642828782048e+16,1.0,-0.7017066167124107,0.4257196633753467,5.2249051215701305,8.630375698760707
issue_burden_index,15,-0.45233502561287475,0.34540030266576,-1.309596494623209,0.19134792615484075,-1.1293196188377643,0.22464956761201482,-1,-8.631642828782048e+16,1.0,-0.7017066167124107,0.4257196633753467,5.2249051215701305,8.630375698760707
issue_burden_index,16,-0.2006269210374601,0.47934259781789873,-0.4185459876730544,0.6758514879179538,-1.1401384127605416,0.7388845706856213,-1,-8.631642828782048e+16,1.0,-0.7017066167124107,0.4257196633753467,5.2249051215701305,8.630375698760707
issue_burden_index,17,-0.40625809449128325,0.3251367993450759,-1.2494989656957018,0.21246973391635016,-1.043526221207632,0.23101003222506544,-1,-8.631642828782048e+16,1.0,-0.7017066167124107,0.4257196633753467,5.2249051215701305,8.630375698760707
issue_burden_index,18,-0.37265443286005584,0.5050978264346732,-0.7377866491537023,0.4612285872616042,-1.3626461726720152,0.6173373069519036,-1,-8.631642828782048e+16,1.0,-0.7017066167124107,0.4257196633753467,5.2249051215701305,8.630375698760707
issues_opened,-12,2.1250514634729014,5.575437983321868,0.3811452068572355,0.7033689272908195,-8.80280698383796,13.052909910783765,-1,-4.217987573823294e+17,1.0,-5.99370659261094,4.1304928867532595,28.425666670413584,91.46228264413757
issues_opened,-11,3.714530415363502,3.604282831012516,1.0305879392711297,0.3035754442969161,-3.349863933421029,10.778924764148034,-1,-4.217987573823294e+17,1.0,-5.99370659261094,4.1304928867532595,28.425666670413584,91.46228264413757
issues_opened,-10,-3.006861276939603,3.1544702954365333,-0.9532064008621444,0.341263245366886,-9.189623055995208,3.175900502116002,-1,-4.217987573823294e+17,1.0,-5.99370659261094,4.1304928867532595,28.425666670413584,91.46228264413757
issues_opened,-9,-8.099321183050561,3.6041899424464887,-2.2471959892193754,0.025364053265262143,-15.163533470245678,-1.0351088958554433,-1,-4.217987573823294e+17,1.0,-5.99370659261094,4.1304928867532595,28.425666670413584,91.46228264413757
issues_opened,-8,-7.608926491264369,3.841818815104921,-1.980553185212241,0.0485669762578389,-15.138891368870013,-0.07896161365872434,-1,-4.217987573823294e+17,1.0,-5.99370659261094,4.1304928867532595,28.425666670413584,91.46228264413757
issues_opened,-7,-4.881977240585927,3.7661590708500996,-1.2962748383020275,0.1958905509038149,-12.263649019452123,2.499694538280268,-1,-4.217987573823294e+17,1.0,-5.99370659261094,4.1304928867532595,28.425666670413584,91.46228264413757
issues_opened,-6,-6.121304268221695,4.78195299825836,-1.2800845743258333,0.2015176820023319,-15.493932144808081,3.2513236083646904,-1,-4.217987573823294e+17,1.0,-5.99370659261094,4.1304928867532595,28.425666670413584,91.46228264413757
issues_opened,-5,-12.98308468355203,2.4970248806616175,-5.1994214331224455,3.73527416774877e-07,-17.8772534496488,-8.08891591745526,-1,-4.217987573823294e+17,1.0,-5.99370659261094,4.1304928867532595,28.425666670413584,91.46228264413757
issues_opened,-4,-12.571623709004134,7.697043120994504,-1.6333056098794214,0.10346793001152199,-27.657828226153363,2.5145808081450927,-1,-4.217987573823294e+17,1.0,-5.99370659261094,4.1304928867532595,28.425666670413584,91.46228264413757
issues_opened,-3,-13.847348231787443,4.516235140631795,-3.0661264970916196,0.0023686937210198877,-22.69916910742576,-4.995527356149125,-1,-4.217987573823294e+17,1.0,-5.99370659261094,4.1304928867532595,28.425666670413584,91.46228264413757
issues_opened,-2,-2.649907313150989,4.3730813048907695,-0.6059588487841248,0.545006459429485,-11.221146670736896,5.921332044434919,-1,-4.217987573823294e+17,1.0,-5.99370659261094,4.1304928867532595,28.425666670413584,91.46228264413757
issues_opened,0,-5.046758158392916,4.246113245633217,-1.1885594816820058,0.23556575697688098,-13.369140119834022,3.2756238030481883,-1,-4.217987573823294e+17,1.0,-5.99370659261094,4.1304928867532595,28.425666670413584,91.46228264413757
issues_opened,1,3.216031911112756,7.359060310443196,0.4370166536818438,0.6624179137553914,-11.207726297355908,17.63979011958142,-1,-4.217987573823294e+17,1.0,-5.99370659261094,4.1304928867532595,28.425666670413584,91.46228264413757
issues_opened,2,4.14157653967629,3.697906069801359,1.1199788370770498,0.263630707584267,-3.1063193571343737,11.389472436486955,-1,-4.217987573823294e+17,1.0,-5.99370659261094,4.1304928867532595,28.425666670413584,91.46228264413757
issues_opened,3,2.6450657035025062,2.6836799454057862,0.9856114578903553,0.32512876260216705,-2.6149469894928346,7.9050783964978475,-1,-4.217987573823294e+17,1.0,-5.99370659261094,4.1304928867532595,28.425666670413584,91.46228264413757
issues_opened,4,6.680382829573764,3.293533753680078,2.028332887771179,0.04342147618688563,0.22505667236081184,13.135708986786717,-1,-4.217987573823294e+17,1.0,-5.99370659261094,4.1304928867532595,28.425666670413584,91.46228264413757
issues_opened,5,7.920096624296584,4.953836213766434,1.5987804768932568,0.11093623842362899,-1.7894223546856258,17.629615603278793,-1,-4.217987573823294e+17,1.0,-5.99370659261094,4.1304928867532595,28.425666670413584,91.46228264413757
issues_opened,6,8.869271220644597,2.0872831284339566,4.249194131751077,2.877694113645468e-05,4.778196288914042,12.960346152375152,-1,-4.217987573823294e+17,1.0,-5.99370659261094,4.1304928867532595,28.425666670413584,91.46228264413757
issues_opened,7,21.624017663369962,3.1835623656110266,6.792396435186413,6.049782896866418e-11,15.38423542677235,27.863799899967574,-1,-4.217987573823294e+17,1.0,-5.99370659261094,4.1304928867532595,28.425666670413584,91.46228264413757
issues_opened,8,11.729874846343305,2.9342557924333867,3.9975638376829057,8.086727225165014e-05,5.978733493173867,17.481016199512744,-1,-4.217987573823294e+17,1.0,-5.99370659261094,4.1304928867532595,28.425666670413584,91.46228264413757
issues_opened,9,10.05184443734975,9.783757969411539,1.027401175374163,0.30507042664579687,-9.124321182696868,29.228010057396368,-1,-4.217987573823294e+17,1.0,-5.99370659261094,4.1304928867532595,28.425666670413584,91.46228264413757
issues_opened,10,8.949946170921578,2.6578151389653537,3.3674073263069957,0.0008591433179006014,3.7406284985494844,14.159263843293672,-1,-4.217987573823294e+17,1.0,-5.99370659261094,4.1304928867532595,28.425666670413584,91.46228264413757
issues_opened,11,4.978819624155094,2.3277354538408352,2.1389112821819545,0.033261000086423964,0.4164581346270575,9.54118111368313,-1,-4.217987573823294e+17,1.0,-5.99370659261094,4.1304928867532595,28.425666670413584,91.46228264413757
issues_opened,12,5.702113231584287,3.9881879577831016,1.429750375845851,0.15384328513087908,-2.1147351656705924,13.518961628839165,-1,-4.217987573823294e+17,1.0,-5.99370659261094,4.1304928867532595,28.425666670413584,91.46228264413757
issues_opened,13,2.3806794361532524,3.7635305141911033,0.6325654667011336,0.5275057776345313,-4.995840371661309,9.757199243967815,-1,-4.217987573823294e+17,1.0,-5.99370659261094,4.1304928867532595,28.425666670413584,91.46228264413757
issues_opened,14,-0.1649506403126067,4.6441898945926114,-0.035517634734243825,0.9716909246226146,-9.267562833714125,8.93766155308891,-1,-4.217987573823294e+17,1.0,-5.99370659261094,4.1304928867532595,28.425666670413584,91.46228264413757
issues_opened,15,-3.700153620904671,4.146621580702041,-0.8923297071825443,0.37294107133333965,-11.82753191908067,4.427224677271329,-1,-4.217987573823294e+17,1.0,-5.99370659261094,4.1304928867532595,28.425666670413584,91.46228264413757
issues_opened,16,0.6102383574280138,5.096469450959537,0.11973746988969418,0.9047723443907123,-9.378841766452679,10.599318481308705,-1,-4.217987573823294e+17,1.0,-5.99370659261094,4.1304928867532595,28.425666670413584,91.46228264413757
issues_opened,17,-5.435210755862631,3.090557992705633,-1.758650304796374,0.0796702458782097,-11.492704421565671,0.6222829098404095,-1,-4.217987573823294e+17,1.0,-5.99370659261094,4.1304928867532595,28.425666670413584,91.46228264413757
issues_opened,18,-6.673520572326992,3.773217127934075,-1.7686553267558447,0.0779812870749168,-14.069026143077778,0.7219849984237952,-1,-4.217987573823294e+17,1.0,-5.99370659261094,4.1304928867532595,28.425666670413584,91.46228264413757
median_close_days,-12,-1.3109530325550525,1.381587436357163,-0.9488744599557503,0.34345851473833156,-4.018864407815092,1.3969583427049868,-1,4.95297705137437e+16,0.0,-0.9305741583510599,0.23275083960679369,6.424883405568646,7.851820021600965
median_close_days,-11,-1.3806053236075646,1.5437723494834739,-0.8943062907361291,0.37188461937278783,-4.406399128595173,1.6451884813800441,-1,4.95297705137437e+16,0.0,-0.9305741583510599,0.23275083960679369,6.424883405568646,7.851820021600965
median_close_days,-10,-0.9614450344603378,0.7327506532229257,-1.312103960919754,0.19050167333324186,-2.397636314777272,0.4747462458565965,-1,4.95297705137437e+16,0.0,-0.9305741583510599,0.23275083960679369,6.424883405568646,7.851820021600965
median_close_days,-9,0.29584391578903696,0.6656084212807575,0.4444714134171813,0.6570265892643623,-1.0087485899212478,1.6004364214993216,-1,4.95297705137437e+16,0.0,-0.9305741583510599,0.23275083960679369,6.424883405568646,7.851820021600965
median_close_days,-8,-1.3753964933764786,0.6814374118268341,-2.018375377555573,0.044453871145052615,-2.7110138205570733,-0.03977916619588373,-1,4.95297705137437e+16,0.0,-0.9305741583510599,0.23275083960679369,6.424883405568646,7.851820021600965
median_close_days,-7,-1.3018923919379526,0.9543064364238673,-1.3642288705676304,0.173531894026129,-3.1723330073287324,0.5685482234528272,-1,4.95297705137437e+16,0.0,-0.9305741583510599,0.23275083960679369,6.424883405568646,7.851820021600965
median_close_days,-6,-0.7488866077818551,0.7965291687131669,-0.9401872990937912,0.3478881035767971,-2.310083778459662,0.812310562895952,-1,4.95297705137437e+16,0.0,-0.9305741583510599,0.23275083960679369,6.424883405568646,7.851820021600965
median_close_days,-5,-0.6201607018955544,1.289086654394358,-0.48108534812729087,0.6308112626072231,-3.146770544508496,1.9064491407173874,-1,4.95297705137437e+16,0.0,-0.9305741583510599,0.23275083960679369,6.424883405568646,7.851820021600965
median_close_days,-4,0.08790601844178603,1.8059043017969119,0.04867700816389758,0.9612095267211553,-3.451666413080161,3.6274784499637334,-1,4.95297705137437e+16,0.0,-0.9305741583510599,0.23275083960679369,6.424883405568646,7.851820021600965
median_close_days,-3,0.45067442610603065,0.49270043820495685,0.9147027101253684,0.3610922387974771,-0.5150184327756848,1.416367284987746,-1,4.95297705137437e+16,0.0,-0.9305741583510599,0.23275083960679369,6.424883405568646,7.851820021600965
median_close_days,-2,-3.371400516583716,0.5522624057557131,-6.1047076198683285,3.2254332538173003e-09,-4.4538348318649135,-2.288966201302519,-1,4.95297705137437e+16,0.0,-0.9305741583510599,0.23275083960679369,6.424883405568646,7.851820021600965
median_close_days,0,0.8939062539111011,1.0239532252763097,0.8729952031450304,0.3833733312818275,-1.113042067630466,2.9008545754526684,-1,4.95297705137437e+16,0.0,-0.9305741583510599,0.23275083960679369,6.424883405568646,7.851820021600965
median_close_days,1,2.640198247803083,0.9036643511385544,2.921658074125218,0.0037498362002752472,0.8690161195715167,4.41138037603465,-1,4.95297705137437e+16,0.0,-0.9305741583510599,0.23275083960679369,6.424883405568646,7.851820021600965
median_close_days,2,-0.07651722428569337,0.8518502328644887,-0.08982473835616787,0.9284872380007139,-1.7461436807000912,1.5931092321287046,-1,4.95297705137437e+16,0.0,-0.9305741583510599,0.23275083960679369,6.424883405568646,7.851820021600965
median_close_days,3,0.3752821418283715,1.1694004938865803,0.32091840544815947,0.7484986851849293,-1.9167428261893256,2.667307109846069,-1,4.95297705137437e+16,0.0,-0.9305741583510599,0.23275083960679369,6.424883405568646,7.851820021600965
median_close_days,4,-0.4662926172108313,1.3945489638026236,-0.3343680496806333,0.7383386352671746,-3.199608586263974,2.267023351842311,-1,4.95297705137437e+16,0.0,-0.9305741583510599,0.23275083960679369,6.424883405568646,7.851820021600965
median_close_days,5,1.1861017867915575,0.5069371522806383,2.3397412903265304,0.019961701249048502,0.19250496832150654,2.1796986052616085,-1,4.95297705137437e+16,0.0,-0.9305741583510599,0.23275083960679369,6.424883405568646,7.851820021600965
median_close_days,6,1.8722048167310572,1.4380826683930916,1.3018756556068172,0.19397111189832916,-0.9464372133194023,4.6908468467815165,-1,4.95297705137437e+16,0.0,-0.9305741583510599,0.23275083960679369,6.424883405568646,7.851820021600965
median_close_days,7,0.542024135316349,1.2836179119630966,0.42226283247123453,0.6731397311029024,-1.9738669721313205,3.057915242764018,-1,4.95297705137437e+16,0.0,-0.9305741583510599,0.23275083960679369,6.424883405568646,7.851820021600965
median_close_days,8,-1.4444774639364253,0.6753326683460346,-2.1389124673534785,0.03326090321705055,-2.7681294938946532,-0.12082543397819756,-1,4.95297705137437e+16,0.0,-0.9305741583510599,0.23275083960679369,6.424883405568646,7.851820021600965
median_close_days,9,0.18677676774119922,0.9605588621922354,0.1944459367278419,0.8459601084392625,-1.695918602155582,2.0694721376379808,-1,4.95297705137437e+16,0.0,-0.9305741583510599,0.23275083960679369,6.424883405568646,7.851820021600965
median_close_days,10,0.3677859587981833,0.6340869773042135,0.5800244634605263,0.5623393659655935,-0.875024516718075,1.6105964343144417,-1,4.95297705137437e+16,0.0,-0.9305741583510599,0.23275083960679369,6.424883405568646,7.851820021600965
median_close_days,11,0.6907673464442419,1.0164824200574576,0.6795664468109499,0.49731009847506247,-1.301538196868375,2.6830728897568585,-1,4.95297705137437e+16,0.0,-0.9305741583510599,0.23275083960679369,6.424883405568646,7.851820021600965
median_close_days,12,1.0840598716687706,0.8965333563646938,1.2091684754089556,0.22756305515870712,-0.6731455068060292,2.8412652501435707,-1,4.95297705137437e+16,0.0,-0.9305741583510599,0.23275083960679369,6.424883405568646,7.851820021600965
median_close_days,13,0.23345718927190592,1.3986855113822514,0.16691185214408333,0.8675533724080291,-2.507966413037307,2.9748807915811186,-1,4.95297705137437e+16,0.0,-0.9305741583510599,0.23275083960679369,6.424883405568646,7.851820021600965
median_close_days,14,0.09201306515686099,1.1228989510780345,0.08194242684840361,0.9347478770687192,-2.1088688789560868,2.2928950092698086,-1,4.95297705137437e+16,0.0,-0.9305741583510599,0.23275083960679369,6.424883405568646,7.851820021600965
median_close_days,15,-1.418751960774549,0.6722252742813738,-2.1105305245942017,0.03565135900146732,-2.7363134983660418,-0.10119042318305627,-1,4.95297705137437e+16,0.0,-0.9305741583510599,0.23275083960679369,6.424883405568646,7.851820021600965
median_close_days,16,-1.229501134024172,1.0613230143357502,-1.1584608242888987,0.2476098224971539,-3.3096942421222426,0.8506919740738985,-1,4.95297705137437e+16,0.0,-0.9305741583510599,0.23275083960679369,6.424883405568646,7.851820021600965
median_close_days,17,-0.6570035129483885,1.1354701827453173,-0.5786180235573413,0.5632869378622067,-2.8825250711292107,1.5685180452324334,-1,4.95297705137437e+16,0.0,-0.9305741583510599,0.23275083960679369,6.424883405568646,7.851820021600965
median_close_days,18,-0.44976771575354335,1.2112939997907635,-0.3713117672763469,0.710670963967933,-2.8239039553434395,1.924368523836353,-1,4.95297705137437e+16,0.0,-0.9305741583510599,0.23275083960679369,6.424883405568646,7.851820021600965
