month,ecosystem,stack_overflow_tag_anchor,github_repo_group,representative_repo_count,month_index,post_chatgpt,so_dependence_pre,treatment_intensity,active_repos_observed,stackoverflow_questions_month,issues_opened,median_close_days,avg_first_response_hours,backlog_open_end_month,is_synthetic,exposure_bucket,months_since_chatgpt,post_period_label,high_exposure,issues_per_active_repo,backlog_per_active_repo,questions_per_active_repo,avg_first_response_days,log_issues_opened,log_backlog_open_end_month,issue_burden_index
2021-01-01,django,django,django/django | encode/django-rest-framework,2,0,0,0.69,0.0,92,392,50,8.89,13.26,157,1,mid,-23,pre,0,0.5434782608695652,1.7065217391304348,4.260869565217392,0.5525,3.9318256327243257,5.062595033026967,-0.5875266641441572
2021-02-01,django,django,django/django | encode/django-rest-framework,2,1,0,0.69,0.0,92,386,51,9.49,12.96,138,1,mid,-22,pre,0,0.5543478260869565,1.5,4.195652173913044,0.54,3.9512437185814275,4.9344739331306915,-0.6224658340338556
2021-03-01,django,django,django/django | encode/django-rest-framework,2,2,0,0.69,0.0,94,401,50,9.98,13.48,154,1,mid,-21,pre,0,0.5319148936170213,1.6382978723404256,4.26595744680851,0.5616666666666666,3.9318256327243257,5.043425116919247,-0.2608245474824241
2021-04-01,django,django,django/django | encode/django-rest-framework,2,3,0,0.69,0.0,98,402,52,9.49,13.07,150,1,mid,-20,pre,0,0.5306122448979592,1.530612244897959,4.1020408163265305,0.5445833333333333,3.970291913552122,5.017279836814924,-0.5416196663106226
2021-05-01,django,django,django/django | encode/django-rest-framework,2,4,0,0.69,0.0,99,390,56,10.73,14.5,150,1,mid,-19,pre,0,0.5656565656565656,1.5151515151515151,3.9393939393939394,0.6041666666666666,4.04305126783455,5.017279836814924,0.22688862360430523
2021-06-01,django,django,django/django | encode/django-rest-framework,2,5,0,0.69,0.0,95,395,53,9.56,13.12,152,1,mid,-18,pre,0,0.5578947368421052,1.6,4.157894736842105,0.5466666666666666,3.9889840465642745,5.030437921392435,-0.41003899734740773
2021-07-01,django,django,django/django | encode/django-rest-framework,2,6,0,0.69,0.0,95,380,51,9.64,14.43,148,1,mid,-17,pre,0,0.5368421052631579,1.5578947368421052,4.0,0.60125,3.9512437185814275,5.003946305945459,-0.24988248646546327
2021-08-01,django,django,django/django | encode/django-rest-framework,2,7,0,0.69,0.0,99,399,53,9.65,14.22,145,1,mid,-16,pre,0,0.5353535353535354,1.4646464646464648,4.03030303030303,0.5925,3.9889840465642745,4.983606621708336,-0.3171636973598079
2021-09-01,django,django,django/django | encode/django-rest-framework,2,8,0,0.69,0.0,97,379,57,10.21,12.53,160,1,mid,-15,pre,0,0.5876288659793815,1.6494845360824741,3.9072164948453607,0.5220833333333333,4.060443010546419,5.081404364984463,-0.1340867828263745
2021-10-01,django,django,django/django | encode/django-rest-framework,2,9,0,0.69,0.0,99,377,50,9.54,14.56,155,1,mid,-14,pre,0,0.5050505050505051,1.5656565656565657,3.808080808080808,0.6066666666666667,3.9318256327243257,5.049856007249537,-0.281537633997481
2021-11-01,django,django,django/django | encode/django-rest-framework,2,10,0,0.69,0.0,98,400,53,9.46,13.38,144,1,mid,-13,pre,0,0.5408163265306123,1.469387755102041,4.081632653061225,0.5575,3.9889840465642745,4.976733742420574,-0.5262220930728008
2021-12-01,django,django,django/django | encode/django-rest-framework,2,11,0,0.69,0.0,94,376,49,10.09,12.25,153,1,mid,-12,pre,0,0.5212765957446809,1.627659574468085,4.0,0.5104166666666666,3.912023005428146,5.0369526024136295,-0.4883806467714898
2022-01-01,django,django,django/django | encode/django-rest-framework,2,12,0,0.69,0.0,92,404,50,9.88,13.09,152,1,mid,-11,pre,0,0.5434782608695652,1.6521739130434783,4.391304347826087,0.5454166666666667,3.9318256327243257,5.030437921392435,-0.35005239479795025
2022-02-01,django,django,django/django | encode/django-rest-framework,2,13,0,0.69,0.0,90,376,55,9.02,14.47,153,1,mid,-10,pre,0,0.6111111111111112,1.7,4.177777777777778,0.6029166666666667,4.02535169073515,5.0369526024136295,-0.18118100982463037
2022-03-01,django,django,django/django | encode/django-rest-framework,2,14,0,0.69,0.0,90,379,50,9.93,13.86,148,1,mid,-9,pre,0,0.5555555555555556,1.6444444444444444,4.211111111111111,0.5775,3.9318256327243257,5.003946305945459,-0.20225514528841776
2022-04-01,django,django,django/django | encode/django-rest-framework,2,15,0,0.69,0.0,92,368,47,9.85,12.33,146,1,mid,-8,pre,0,0.5108695652173914,1.5869565217391304,4.0,0.51375,3.871201010907891,4.990432586778736,-0.6535006012199289
2022-05-01,django,django,django/django | encode/django-rest-framework,2,16,0,0.69,0.0,91,376,50,10.36,14.39,146,1,mid,-7,pre,0,0.5494505494505495,1.6043956043956045,4.131868131868132,0.5995833333333334,3.9318256327243257,4.990432586778736,-0.00636387767737237
2022-06-01,django,django,django/django | encode/django-rest-framework,2,17,0,0.69,0.0,84,371,50,9.44,13.66,147,1,mid,-6,pre,0,0.5952380952380952,1.75,4.416666666666667,0.5691666666666667,3.9318256327243257,4.997212273764115,-0.2925148598864142
2022-07-01,django,django,django/django | encode/django-rest-framework,2,18,0,0.69,0.0,93,378,48,9.77,13.16,144,1,mid,-5,pre,0,0.5161290322580645,1.5483870967741935,4.064516129032258,0.5483333333333333,3.8918202981106265,4.976733742420574,-0.5377091097379902
2022-08-01,django,django,django/django | encode/django-rest-framework,2,19,0,0.69,0.0,90,373,45,9.93,13.97,145,1,mid,-4,pre,0,0.5,1.6111111111111112,4.144444444444445,0.5820833333333334,3.828641396489095,4.983606621708336,-0.3674100564694889
2022-09-01,django,django,django/django | encode/django-rest-framework,2,20,0,0.69,0.0,91,374,52,10.06,15.12,150,1,mid,-3,pre,0,0.5714285714285714,1.6483516483516483,4.1098901098901095,0.63,3.970291913552122,5.017279836814924,0.13253407012408963
2022-10-01,django,django,django/django | encode/django-rest-framework,2,21,0,0.69,0.0,89,375,53,9.96,15.17,155,1,mid,-2,pre,0,0.5955056179775281,1.7415730337078652,4.213483146067416,0.6320833333333333,3.9889840465642745,5.049856007249537,0.23255922440931975
2022-11-01,django,django,django/django | encode/django-rest-framework,2,22,0,0.69,0.0,93,371,58,9.53,13.67,157,1,mid,-1,pre,0,0.6236559139784946,1.6881720430107527,3.989247311827957,0.5695833333333333,4.07753744390572,5.062595033026967,-0.08047365824380062
2022-12-01,django,django,django/django | encode/django-rest-framework,2,23,1,0.69,0.69,94,358,58,10.69,15.67,160,1,mid,0,post,0,0.6170212765957447,1.702127659574468,3.8085106382978724,0.6529166666666667,4.07753744390572,5.081404364984463,0.6730873820533634
2023-01-01,django,django,django/django | encode/django-rest-framework,2,24,1,0.69,0.69,93,361,62,11.38,15.28,159,1,mid,1,post,0,0.6666666666666666,1.7096774193548387,3.881720430107527,0.6366666666666666,4.143134726391533,5.075173815233827,0.9563017791738675
2023-02-01,django,django,django/django | encode/django-rest-framework,2,25,1,0.69,0.69,97,350,60,10.39,15.6,172,1,mid,2,post,0,0.6185567010309279,1.7731958762886597,3.6082474226804124,0.65,4.110873864173311,5.153291594497779,0.6944376110472469
2023-03-01,django,django,django/django | encode/django-rest-framework,2,26,1,0.69,0.69,98,362,61,11.02,15.58,159,1,mid,3,post,0,0.6224489795918368,1.6224489795918366,3.693877551020408,0.6491666666666667,4.127134385045092,5.075173815233827,0.775680573239253
2023-04-01,django,django,django/django | encode/django-rest-framework,2,27,1,0.69,0.69,102,358,61,11.02,14.52,158,1,mid,4,post,0,0.5980392156862745,1.5490196078431373,3.5098039215686274,0.605,4.127134385045092,5.0689042022202315,0.5105740548918514
2023-05-01,django,django,django/django | encode/django-rest-framework,2,28,1,0.69,0.69,106,369,66,11.34,15.58,165,1,mid,5,post,0,0.6226415094339622,1.5566037735849056,3.481132075471698,0.6491666666666667,4.204692619390966,5.111987788356544,0.9658083092461918
2023-06-01,django,django,django/django | encode/django-rest-framework,2,29,1,0.69,0.69,101,340,64,10.83,14.91,165,1,mid,6,post,0,0.6336633663366337,1.6336633663366336,3.366336633663366,0.62125,4.174387269895637,5.111987788356544,0.6948627474616665
2023-07-01,django,django,django/django | encode/django-rest-framework,2,30,1,0.69,0.69,98,363,64,10.07,16.59,163,1,mid,7,post,0,0.6530612244897959,1.663265306122449,3.704081632653061,0.69125,4.174387269895637,5.099866427824199,0.7806278891868487
2023-08-01,django,django,django/django | encode/django-rest-framework,2,31,1,0.69,0.69,100,356,65,10.46,16.03,164,1,mid,8,post,0,0.65,1.64,3.56,0.6679166666666667,4.189654742026425,5.10594547390058,0.81351250256812
2023-09-01,django,django,django/django | encode/django-rest-framework,2,32,1,0.69,0.69,103,353,65,10.11,14.3,162,1,mid,9,post,0,0.6310679611650486,1.5728155339805825,3.4271844660194173,0.5958333333333333,4.189654742026425,5.093750200806762,0.3194600838062952
2023-10-01,django,django,django/django | encode/django-rest-framework,2,33,1,0.69,0.69,102,358,63,10.35,15.43,156,1,mid,10,post,0,0.6176470588235294,1.5294117647058822,3.5098039215686274,0.6429166666666667,4.1588830833596715,5.056245805348308,0.4979009564881076
2023-11-01,django,django,django/django | encode/django-rest-framework,2,34,1,0.69,0.69,98,335,65,10.4,13.84,163,1,mid,11,post,0,0.6632653061224489,1.663265306122449,3.4183673469387754,0.5766666666666667,4.189654742026425,5.099866427824199,0.42122073075454225
2023-12-01,django,django,django/django | encode/django-rest-framework,2,35,1,0.69,0.69,95,349,62,11.7,15.58,166,1,mid,12,post,0,0.6526315789473685,1.7473684210526317,3.6736842105263157,0.6491666666666667,4.143134726391533,5.117993812416755,1.1525045259790594
2024-01-01,django,django,django/django | encode/django-rest-framework,2,36,1,0.69,0.69,95,324,59,10.91,15.28,163,1,mid,13,post,0,0.6210526315789474,1.7157894736842105,3.4105263157894736,0.6366666666666666,4.0943445622221,5.099866427824199,0.7182506787960964
2024-02-01,django,django,django/django | encode/django-rest-framework,2,37,1,0.69,0.69,95,334,63,10.92,16.75,157,1,mid,14,post,0,0.6631578947368421,1.6526315789473685,3.5157894736842104,0.6979166666666666,4.1588830833596715,5.062595033026967,1.045532461228804
2024-03-01,django,django,django/django | encode/django-rest-framework,2,38,1,0.69,0.69,96,329,63,9.9,15.99,163,1,mid,15,post,0,0.65625,1.6979166666666667,3.4270833333333335,0.66625,4.1588830833596715,5.099866427824199,0.6210526317981331
2024-04-01,django,django,django/django | encode/django-rest-framework,2,39,1,0.69,0.69,94,342,62,10.42,15.04,162,1,mid,16,post,0,0.6595744680851063,1.7234042553191489,3.6382978723404253,0.6266666666666666,4.143134726391533,5.093750200806762,0.6138415965439685
2024-05-01,django,django,django/django | encode/django-rest-framework,2,40,1,0.69,0.69,91,327,58,11.52,15.43,161,1,mid,17,post,0,0.6373626373626373,1.7692307692307692,3.5934065934065935,0.6429166666666667,4.07753744390572,5.087596335232384,0.9672263527590098
2024-06-01,django,django,django/django | encode/django-rest-framework,2,41,1,0.69,0.69,88,356,59,10.82,16.15,167,1,mid,18,post,0,0.6704545454545454,1.8977272727272727,4.045454545454546,0.6729166666666666,4.0943445622221,5.123963979403259,1.0281875176897033
2024-07-01,django,django,django/django | encode/django-rest-framework,2,42,1,0.69,0.69,94,337,58,12.0,15.42,165,1,mid,19,post,0,0.6170212765957447,1.7553191489361701,3.5851063829787235,0.6425,4.07753744390572,5.111987788356544,1.1079007171211932
2024-08-01,django,django,django/django | encode/django-rest-framework,2,43,1,0.69,0.69,89,341,60,10.35,13.75,156,1,mid,20,post,0,0.6741573033707865,1.752808988764045,3.831460674157303,0.5729166666666666,4.110873864173311,5.056245805348308,0.32648972121681985
2024-09-01,django,django,django/django | encode/django-rest-framework,2,44,1,0.69,0.69,97,341,62,11.1,15.61,167,1,mid,21,post,0,0.6391752577319587,1.7216494845360826,3.515463917525773,0.6504166666666666,4.143134726391533,5.123963979403259,0.9367164589380947
2024-10-01,django,django,django/django | encode/django-rest-framework,2,45,1,0.69,0.69,93,357,62,9.94,16.4,165,1,mid,22,post,0,0.6666666666666666,1.7741935483870968,3.838709677419355,0.6833333333333332,4.143134726391533,5.111987788356544,0.7541605803630498
2024-11-01,django,django,django/django | encode/django-rest-framework,2,46,1,0.69,0.69,94,346,64,11.2,16.41,164,1,mid,23,post,0,0.6808510638297872,1.7446808510638299,3.6808510638297873,0.68375,4.174387269895637,5.10594547390058,1.1976758272045207
2024-12-01,django,django,django/django | encode/django-rest-framework,2,47,1,0.69,0.69,101,347,69,10.03,15.77,164,1,mid,24,post,0,0.6831683168316832,1.6237623762376239,3.4356435643564356,0.6570833333333334,4.248495242049359,5.10594547390058,0.7315255278306754
2021-01-01,javascript,javascript,nodejs/node | expressjs/express | webpack/webpack,3,0,0,0.76,0.0,162,418,60,9.69,12.87,149,1,high,-23,pre,1,0.37037037037037035,0.9197530864197531,2.580246913580247,0.53625,4.110873864173311,5.0106352940962555,-0.8807566500248161
2021-02-01,javascript,javascript,nodejs/node | expressjs/express | webpack/webpack,3,1,0,0.76,0.0,159,416,60,9.83,14.33,146,1,high,-22,pre,1,0.37735849056603776,0.9182389937106918,2.6163522012578615,0.5970833333333333,4.110873864173311,4.990432586778736,-0.5726501259570037
2021-03-01,javascript,javascript,nodejs/node | expressjs/express | webpack/webpack,3,2,0,0.76,0.0,158,405,65,10.16,14.24,157,1,high,-21,pre,1,0.41139240506329117,0.9936708860759493,2.5632911392405062,0.5933333333333334,4.189654742026425,5.062595033026967,-0.2542577815812357
2021-04-01,javascript,javascript,nodejs/node | expressjs/express | webpack/webpack,3,3,0,0.76,0.0,159,414,62,10.29,13.63,155,1,high,-20,pre,1,0.389937106918239,0.9748427672955975,2.6037735849056602,0.5679166666666667,4.143134726391533,5.049856007249537,-0.43206014011285987
2021-05-01,javascript,javascript,nodejs/node | expressjs/express | webpack/webpack,3,4,0,0.76,0.0,157,411,58,9.58,12.75,154,1,high,-19,pre,1,0.36942675159235666,0.9808917197452229,2.6178343949044587,0.53125,4.07753744390572,5.043425116919247,-0.9378405956470501
2021-06-01,javascript,javascript,nodejs/node | expressjs/express | webpack/webpack,3,5,0,0.76,0.0,158,434,62,9.59,13.61,161,1,high,-18,pre,1,0.3924050632911392,1.018987341772152,2.7468354430379747,0.5670833333333333,4.143134726391533,5.087596335232384,-0.6196064076608707
2021-07-01,javascript,javascript,nodejs/node | expressjs/express | webpack/webpack,3,6,0,0.76,0.0,158,409,62,9.91,13.94,146,1,high,-17,pre,1,0.3924050632911392,0.9240506329113924,2.588607594936709,0.5808333333333333,4.143134726391533,4.990432586778736,-0.5506099836945172
2021-08-01,javascript,javascript,nodejs/node | expressjs/express | webpack/webpack,3,7,0,0.76,0.0,162,418,69,10.04,13.22,157,1,high,-16,pre,1,0.42592592592592593,0.9691358024691358,2.580246913580247,0.5508333333333334,4.248495242049359,5.062595033026967,-0.3809651382355769
2021-09-01,javascript,javascript,nodejs/node | expressjs/express | webpack/webpack,3,8,0,0.76,0.0,155,402,67,9.82,15.45,158,1,high,-15,pre,1,0.432258064516129,1.0193548387096774,2.5935483870967744,0.6437499999999999,4.219507705176107,5.0689042022202315,-0.05986892439395958
2021-10-01,javascript,javascript,nodejs/node | expressjs/express | webpack/webpack,3,9,0,0.76,0.0,158,409,69,10.44,16.18,150,1,high,-14,pre,1,0.43670886075949367,0.9493670886075949,2.588607594936709,0.6741666666666667,4.248495242049359,5.017279836814924,0.2648386327002416
2021-11-01,javascript,javascript,nodejs/node | expressjs/express | webpack/webpack,3,10,0,0.76,0.0,159,406,63,8.66,12.66,161,1,high,-13,pre,1,0.39622641509433965,1.0125786163522013,2.5534591194968552,0.5275,4.1588830833596715,5.087596335232384,-1.0704719593836465
2021-12-01,javascript,javascript,nodejs/node | expressjs/express | webpack/webpack,3,11,0,0.76,0.0,162,410,64,9.1,13.93,154,1,high,-12,pre,1,0.3950617283950617,0.9506172839506173,2.5308641975308643,0.5804166666666667,4.174387269895637,5.043425116919247,-0.7290821713626867
2022-01-01,javascript,javascript,nodejs/node | expressjs/express | webpack/webpack,3,12,0,0.76,0.0,155,424,63,9.07,13.55,161,1,high,-11,pre,1,0.4064516129032258,1.038709677419355,2.735483870967742,0.5645833333333333,4.1588830833596715,5.087596335232384,-0.7498182810201954
2022-02-01,javascript,javascript,nodejs/node | expressjs/express | webpack/webpack,3,13,0,0.76,0.0,155,421,63,9.03,14.28,161,1,high,-10,pre,1,0.4064516129032258,1.038709677419355,2.7161290322580647,0.595,4.1588830833596715,5.087596335232384,-0.6308483817757938
2022-03-01,javascript,javascript,nodejs/node | expressjs/express | webpack/webpack,3,14,0,0.76,0.0,154,380,60,9.77,14.26,156,1,high,-9,pre,1,0.38961038961038963,1.0129870129870129,2.4675324675324677,0.5941666666666666,4.110873864173311,5.056245805348308,-0.5101068147299143
2022-04-01,javascript,javascript,nodejs/node | expressjs/express | webpack/webpack,3,15,0,0.76,0.0,151,379,59,9.65,14.32,157,1,high,-8,pre,1,0.39072847682119205,1.0397350993377483,2.5099337748344372,0.5966666666666667,4.0943445622221,5.062595033026967,-0.5419494628511775
2022-05-01,javascript,javascript,nodejs/node | expressjs/express | webpack/webpack,3,16,0,0.76,0.0,152,391,63,9.4,13.64,147,1,high,-7,pre,1,0.4144736842105263,0.9671052631578947,2.5723684210526314,0.5683333333333334,4.1588830833596715,4.997212273764115,-0.6976289213433212
2022-06-01,javascript,javascript,nodejs/node | expressjs/express | webpack/webpack,3,17,0,0.76,0.0,151,407,58,9.75,14.1,148,1,high,-6,pre,1,0.3841059602649007,0.9801324503311258,2.6953642384105962,0.5875,4.07753744390572,5.003946305945459,-0.6390953969292744
2022-07-01,javascript,javascript,nodejs/node | expressjs/express | webpack/webpack,3,18,0,0.76,0.0,152,374,62,10.51,14.44,157,1,high,-5,pre,1,0.40789473684210525,1.0328947368421053,2.460526315789474,0.6016666666666667,4.143134726391533,5.062595033026967,-0.1558569917204507
2022-08-01,javascript,javascript,nodejs/node | expressjs/express | webpack/webpack,3,19,0,0.76,0.0,151,390,65,9.75,14.72,158,1,high,-4,pre,1,0.4304635761589404,1.0463576158940397,2.5827814569536423,0.6133333333333334,4.189654742026425,5.0689042022202315,-0.24836040891453032
2022-09-01,javascript,javascript,nodejs/node | expressjs/express | webpack/webpack,3,20,0,0.76,0.0,153,378,61,10.29,14.75,159,1,high,-3,pre,1,0.39869281045751637,1.0392156862745099,2.4705882352941178,0.6145833333333334,4.127134385045092,5.075173815233827,-0.19550307337321013
2022-10-01,javascript,javascript,nodejs/node | expressjs/express | webpack/webpack,3,21,0,0.76,0.0,154,404,65,9.28,14.59,162,1,high,-2,pre,1,0.42207792207792205,1.051948051948052,2.6233766233766236,0.6079166666666667,4.189654742026425,5.093750200806762,-0.4194135511621863
2022-11-01,javascript,javascript,nodejs/node | expressjs/express | webpack/webpack,3,22,0,0.76,0.0,156,407,66,9.87,13.95,162,1,high,-1,pre,1,0.4230769230769231,1.0384615384615385,2.608974358974359,0.5812499999999999,4.204692619390966,5.093750200806762,-0.32605153858020175
2022-12-01,javascript,javascript,nodejs/node | expressjs/express | webpack/webpack,3,23,1,0.76,0.76,157,369,72,10.98,17.37,168,1,high,0,post,1,0.4585987261146497,1.070063694267516,2.3503184713375798,0.72375,4.290459441148391,5.1298987149230735,0.8676917918843072
2023-01-01,javascript,javascript,nodejs/node | expressjs/express | webpack/webpack,3,24,1,0.76,0.76,158,371,71,10.75,15.28,169,1,high,1,post,1,0.44936708860759494,1.0696202531645569,2.348101265822785,0.6366666666666666,4.276666119016055,5.135798437050262,0.3840411762285448
2023-02-01,javascript,javascript,nodejs/node | expressjs/express | webpack/webpack,3,25,1,0.76,0.76,158,383,75,10.85,16.43,178,1,high,2,post,1,0.47468354430379744,1.1265822784810127,2.4240506329113924,0.6845833333333333,4.330733340286331,5.187385805840755,0.8029056972960196
2023-03-01,javascript,javascript,nodejs/node | expressjs/express | webpack/webpack,3,26,1,0.76,0.76,161,378,70,10.33,15.49,165,1,high,3,post,1,0.43478260869565216,1.0248447204968945,2.347826086956522,0.6454166666666666,4.2626798770413155,5.111987788356544,0.21005032038284094
2023-04-01,javascript,javascript,nodejs/node | expressjs/express | webpack/webpack,3,27,1,0.76,0.76,160,397,74,11.02,16.69,165,1,high,4,post,1,0.4625,1.03125,2.48125,0.6954166666666667,4.31748811353631,5.111987788356544,0.779633117462444
2023-05-01,javascript,javascript,nodejs/node | expressjs/express | webpack/webpack,3,28,1,0.76,0.76,164,378,74,10.81,16.38,172,1,high,5,post,1,0.45121951219512196,1.048780487804878,2.3048780487804876,0.6825,4.31748811353631,5.153291594497779,0.6726854403719557
2023-06-01,javascript,javascript,nodejs/node | expressjs/express | webpack/webpack,3,29,1,0.76,0.76,167,394,75,10.96,15.36,176,1,high,6,post,1,0.4491017964071856,1.0538922155688624,2.3592814371257487,0.64,4.330733340286331,5.176149732573829,0.572570677818445
2023-07-01,javascript,javascript,nodejs/node | expressjs/express | webpack/webpack,3,30,1,0.76,0.76,162,377,79,11.38,15.78,161,1,high,7,post,1,0.4876543209876543,0.9938271604938271,2.3271604938271606,0.6575,4.382026634673881,5.087596335232384,0.8466654146995436
2023-08-01,javascript,javascript,nodejs/node | expressjs/express | webpack/webpack,3,31,1,0.76,0.76,163,365,74,10.37,15.94,167,1,high,8,post,1,0.4539877300613497,1.0245398773006136,2.2392638036809815,0.6641666666666667,4.31748811353631,5.123963979403259,0.4255191766441442
2023-09-01,javascript,javascript,nodejs/node | expressjs/express | webpack/webpack,3,32,1,0.76,0.76,164,378,75,10.83,16.09,178,1,high,9,post,1,0.4573170731707317,1.0853658536585367,2.3048780487804876,0.6704166666666667,4.330733340286331,5.187385805840755,0.6936910313178493
2023-10-01,javascript,javascript,nodejs/node | expressjs/express | webpack/webpack,3,33,1,0.76,0.76,162,374,78,10.45,16.48,173,1,high,10,post,1,0.48148148148148145,1.0679012345679013,2.308641975308642,0.6866666666666666,4.3694478524670215,5.159055299214529,0.7139625462703068
2023-11-01,javascript,javascript,nodejs/node | expressjs/express | webpack/webpack,3,34,1,0.76,0.76,159,390,75,11.82,16.14,170,1,high,11,post,1,0.4716981132075472,1.069182389937107,2.452830188679245,0.6725,4.330733340286331,5.14166355650266,1.0091122972650075
2023-12-01,javascript,javascript,nodejs/node | expressjs/express | webpack/webpack,3,35,1,0.76,0.76,159,394,71,10.8,15.96,169,1,high,12,post,1,0.44654088050314467,1.0628930817610063,2.4779874213836477,0.665,4.276666119016055,5.135798437050262,0.516566432879755
2024-01-01,javascript,javascript,nodejs/node | expressjs/express | webpack/webpack,3,36,1,0.76,0.76,157,361,77,10.95,14.07,176,1,high,13,post,1,0.49044585987261147,1.1210191082802548,2.299363057324841,0.58625,4.356708826689592,5.176149732573829,0.46386049491555414
2024-02-01,javascript,javascript,nodejs/node | expressjs/express | webpack/webpack,3,37,1,0.76,0.76,153,358,74,11.17,17.55,174,1,high,14,post,1,0.48366013071895425,1.1372549019607843,2.3398692810457518,0.7312500000000001,4.31748811353631,5.1647859739235145,1.0900241629223026
2024-03-01,javascript,javascript,nodejs/node | expressjs/express | webpack/webpack,3,38,1,0.76,0.76,156,355,73,10.17,16.05,168,1,high,15,post,1,0.46794871794871795,1.0769230769230769,2.2756410256410255,0.6687500000000001,4.30406509320417,5.1298987149230735,0.4022878162124442
2024-04-01,javascript,javascript,nodejs/node | expressjs/express | webpack/webpack,3,39,1,0.76,0.76,152,361,71,10.1,15.59,167,1,high,16,post,1,0.46710526315789475,1.0986842105263157,2.375,0.6495833333333333,4.276666119016055,5.123963979403259,0.2573775012497675
2024-05-01,javascript,javascript,nodejs/node | expressjs/express | webpack/webpack,3,40,1,0.76,0.76,155,363,74,10.83,16.59,169,1,high,17,post,1,0.4774193548387097,1.0903225806451613,2.3419354838709676,0.69125,4.31748811353631,5.135798437050262,0.7587184378808343
2024-06-01,javascript,javascript,nodejs/node | expressjs/express | webpack/webpack,3,41,1,0.76,0.76,153,351,71,11.42,17.06,168,1,high,18,post,1,0.46405228758169936,1.0980392156862746,2.2941176470588234,0.7108333333333333,4.276666119016055,5.1298987149230735,0.9526314534180811
2024-07-01,javascript,javascript,nodejs/node | expressjs/express | webpack/webpack,3,42,1,0.76,0.76,153,360,73,10.18,16.74,175,1,high,19,post,1,0.477124183006536,1.1437908496732025,2.3529411764705883,0.6974999999999999,4.30406509320417,5.170483995038151,0.5971852690967174
2024-08-01,javascript,javascript,nodejs/node | expressjs/express | webpack/webpack,3,43,1,0.76,0.76,158,363,74,10.64,15.02,170,1,high,20,post,1,0.46835443037974683,1.0759493670886076,2.2974683544303796,0.6258333333333334,4.31748811353631,5.14166355650266,0.39854226810489024
2024-09-01,javascript,javascript,nodejs/node | expressjs/express | webpack/webpack,3,44,1,0.76,0.76,152,343,73,11.31,16.91,177,1,high,21,post,1,0.48026315789473684,1.1644736842105263,2.2565789473684212,0.7045833333333333,4.30406509320417,5.181783550292085,1.0167879522642058
2024-10-01,javascript,javascript,nodejs/node | expressjs/express | webpack/webpack,3,45,1,0.76,0.76,161,362,77,10.82,16.78,168,1,high,22,post,1,0.4782608695652174,1.0434782608695652,2.248447204968944,0.6991666666666667,4.356708826689592,5.1298987149230735,0.8339985251080059
2024-11-01,javascript,javascript,nodejs/node | expressjs/express | webpack/webpack,3,46,1,0.76,0.76,157,363,74,10.84,15.67,181,1,high,23,post,1,0.4713375796178344,1.1528662420382165,2.3121019108280256,0.6529166666666667,4.31748811353631,5.204006687076795,0.658162245049801
2024-12-01,javascript,javascript,nodejs/node | expressjs/express | webpack/webpack,3,47,1,0.76,0.76,155,350,79,10.01,15.83,176,1,high,24,post,1,0.5096774193548387,1.135483870967742,2.2580645161290325,0.6595833333333333,4.382026634673881,5.176149732573829,0.5509907807984014
2021-01-01,kubernetes,kubernetes,kubernetes/kubernetes | helm/helm,2,0,0,0.41,0.0,111,297,52,9.25,11.85,156,1,low,-23,pre,0,0.46846846846846846,1.4054054054054055,2.675675675675676,0.49374999999999997,3.970291913552122,5.056245805348308,-0.9656343887000731
2021-02-01,kubernetes,kubernetes,kubernetes/kubernetes | helm/helm,2,1,0,0.41,0.0,111,276,50,9.95,12.72,133,1,low,-22,pre,0,0.45045045045045046,1.1981981981981982,2.4864864864864864,0.53,3.9318256327243257,4.897839799950911,-0.8481376678051786
2021-03-01,kubernetes,kubernetes,kubernetes/kubernetes | helm/helm,2,2,0,0.41,0.0,117,291,49,9.35,11.71,133,1,low,-21,pre,0,0.4188034188034188,1.1367521367521367,2.4871794871794872,0.4879166666666667,3.912023005428146,4.897839799950911,-1.318054841275811
2021-04-01,kubernetes,kubernetes,kubernetes/kubernetes | helm/helm,2,3,0,0.41,0.0,114,292,50,9.54,12.49,145,1,low,-20,pre,0,0.43859649122807015,1.2719298245614035,2.56140350877193,0.5204166666666666,3.9318256327243257,4.983606621708336,-0.9495811293443462
2021-05-01,kubernetes,kubernetes,kubernetes/kubernetes | helm/helm,2,4,0,0.41,0.0,115,295,54,9.67,13.48,143,1,low,-19,pre,0,0.46956521739130436,1.2434782608695651,2.5652173913043477,0.5616666666666666,4.007333185232471,4.969813299576001,-0.6352898310818091
2021-06-01,kubernetes,kubernetes,kubernetes/kubernetes | helm/helm,2,5,0,0.41,0.0,117,312,53,9.34,13.04,144,1,low,-18,pre,0,0.452991452991453,1.2307692307692308,2.6666666666666665,0.5433333333333333,3.9889840465642745,4.976733742420574,-0.8654261032065128
2021-07-01,kubernetes,kubernetes,kubernetes/kubernetes | helm/helm,2,6,0,0.41,0.0,113,294,54,9.43,12.51,141,1,low,-17,pre,0,0.4778761061946903,1.247787610619469,2.601769911504425,0.52125,4.007333185232471,4.955827057601261,-0.8845786271647808
2021-08-01,kubernetes,kubernetes,kubernetes/kubernetes | helm/helm,2,7,0,0.41,0.0,112,307,56,8.44,12.76,143,1,low,-16,pre,0,0.5,1.2767857142857142,2.7410714285714284,0.5316666666666666,4.04305126783455,4.969813299576001,-1.0722525844159023
2021-09-01,kubernetes,kubernetes,kubernetes/kubernetes | helm/helm,2,8,0,0.41,0.0,118,286,54,8.82,11.56,149,1,low,-15,pre,0,0.4576271186440678,1.2627118644067796,2.4237288135593222,0.4816666666666667,4.007333185232471,5.0106352940962555,-1.240189902233773
2021-10-01,kubernetes,kubernetes,kubernetes/kubernetes | helm/helm,2,9,0,0.41,0.0,111,307,53,9.97,13.64,142,1,low,-14,pre,0,0.4774774774774775,1.2792792792792793,2.765765765765766,0.5683333333333334,3.9889840465642745,4.962844630259907,-0.5031514709212863
2021-11-01,kubernetes,kubernetes,kubernetes/kubernetes | helm/helm,2,10,0,0.41,0.0,113,300,54,9.31,12.82,153,1,low,-13,pre,0,0.4778761061946903,1.3539823008849559,2.6548672566371683,0.5341666666666667,4.007333185232471,5.0369526024136295,-0.7614239003892823
2021-12-01,kubernetes,kubernetes,kubernetes/kubernetes | helm/helm,2,11,0,0.41,0.0,109,283,53,10.46,13.76,140,1,low,-12,pre,0,0.48623853211009177,1.2844036697247707,2.596330275229358,0.5733333333333334,3.9889840465642745,4.948759890378168,-0.31667504452607403
2022-01-01,kubernetes,kubernetes,kubernetes/kubernetes | helm/helm,2,12,0,0.41,0.0,111,288,49,9.71,12.7,146,1,low,-11,pre,0,0.44144144144144143,1.3153153153153154,2.5945945945945947,0.5291666666666667,3.912023005428146,4.990432586778736,-0.843173686851636
2022-02-01,kubernetes,kubernetes,kubernetes/kubernetes | helm/helm,2,13,0,0.41,0.0,111,273,50,8.91,13.79,136,1,low,-10,pre,0,0.45045045045045046,1.2252252252252251,2.4594594594594597,0.5745833333333333,3.9318256327243257,4.919980925828125,-0.9664813808941426
2022-03-01,kubernetes,kubernetes,kubernetes/kubernetes | helm/helm,2,14,0,0.41,0.0,111,284,51,9.1,12.4,154,1,low,-9,pre,0,0.4594594594594595,1.3873873873873874,2.5585585585585586,0.5166666666666667,3.9512437185814275,5.043425116919247,-0.9634143384475063
2022-04-01,kubernetes,kubernetes,kubernetes/kubernetes | helm/helm,2,15,0,0.41,0.0,111,274,52,9.32,12.77,146,1,low,-8,pre,0,0.46846846846846846,1.3153153153153154,2.4684684684684686,0.5320833333333334,3.970291913552122,4.990432586778736,-0.8665595612930845
2022-05-01,kubernetes,kubernetes,kubernetes/kubernetes | helm/helm,2,16,0,0.41,0.0,109,273,50,9.3,13.1,146,1,low,-7,pre,0,0.45871559633027525,1.3394495412844036,2.5045871559633026,0.5458333333333333,3.9318256327243257,4.990432586778736,-0.8499532934181385
2022-06-01,kubernetes,kubernetes,kubernetes/kubernetes | helm/helm,2,17,0,0.41,0.0,108,268,50,8.99,13.73,143,1,low,-6,pre,0,0.46296296296296297,1.3240740740740742,2.4814814814814814,0.5720833333333334,3.9318256327243257,4.969813299576001,-0.852413787396296
2022-07-01,kubernetes,kubernetes,kubernetes/kubernetes | helm/helm,2,18,0,0.41,0.0,108,265,51,9.68,13.29,144,1,low,-5,pre,0,0.4722222222222222,1.3333333333333333,2.4537037037037037,0.55375,3.9512437185814275,4.976733742420574,-0.6675580681494167
2022-08-01,kubernetes,kubernetes,kubernetes/kubernetes | helm/helm,2,19,0,0.41,0.0,108,262,50,7.96,13.07,149,1,low,-4,pre,0,0.46296296296296297,1.3796296296296295,2.425925925925926,0.5445833333333333,3.9318256327243257,5.0106352940962555,-1.2517985347757759
2022-09-01,kubernetes,kubernetes,kubernetes/kubernetes | helm/helm,2,20,0,0.41,0.0,109,263,55,9.31,13.48,146,1,low,-3,pre,0,0.5045871559633027,1.3394495412844036,2.4128440366972477,0.5616666666666666,4.02535169073515,4.990432586778736,-0.6262697380301084
2022-10-01,kubernetes,kubernetes,kubernetes/kubernetes | helm/helm,2,21,0,0.41,0.0,109,280,52,9.81,13.57,158,1,low,-2,pre,0,0.47706422018348627,1.4495412844036697,2.5688073394495414,0.5654166666666667,3.970291913552122,5.0689042022202315,-0.4280167662112601
2022-11-01,kubernetes,kubernetes,kubernetes/kubernetes | helm/helm,2,22,0,0.41,0.0,111,255,50,9.22,14.14,149,1,low,-1,pre,0,0.45045045045045046,1.3423423423423424,2.2972972972972974,0.5891666666666667,3.9318256327243257,5.0106352940962555,-0.685067426325025
2022-12-01,kubernetes,kubernetes,kubernetes/kubernetes | helm/helm,2,23,1,0.41,0.41,112,253,57,10.66,13.96,148,1,low,0,post,0,0.5089285714285714,1.3214285714285714,2.2589285714285716,0.5816666666666667,4.060443010546419,5.003946305945459,-0.05695039084594701
2023-01-01,kubernetes,kubernetes,kubernetes/kubernetes | helm/helm,2,24,1,0.41,0.41,113,285,59,8.99,12.96,149,1,low,1,post,0,0.5221238938053098,1.3185840707964602,2.52212389380531,0.54,4.0943445622221,5.0106352940962555,-0.7240589387110652
2023-02-01,kubernetes,kubernetes,kubernetes/kubernetes | helm/helm,2,25,1,0.41,0.41,113,258,60,9.6,14.65,164,1,low,2,post,0,0.5309734513274337,1.4513274336283186,2.2831858407079646,0.6104166666666667,4.110873864173311,5.10594547390058,-0.056622927987775754
2023-03-01,kubernetes,kubernetes,kubernetes/kubernetes | helm/helm,2,26,1,0.41,0.41,116,281,60,10.0,15.15,165,1,low,3,post,0,0.5172413793103449,1.4224137931034482,2.4224137931034484,0.63125,4.110873864173311,5.111987788356544,0.13520438909157426
2023-04-01,kubernetes,kubernetes,kubernetes/kubernetes | helm/helm,2,27,1,0.41,0.41,115,278,60,9.36,14.17,156,1,low,4,post,0,0.5217391304347826,1.3565217391304347,2.417391304347826,0.5904166666666667,4.110873864173311,5.056245805348308,-0.3164246900473651
2023-05-01,kubernetes,kubernetes,kubernetes/kubernetes | helm/helm,2,28,1,0.41,0.41,121,258,67,9.65,14.06,159,1,low,5,post,0,0.5537190082644629,1.3140495867768596,2.1322314049586777,0.5858333333333333,4.219507705176107,5.075173815233827,-0.07190417350756971
2023-06-01,kubernetes,kubernetes,kubernetes/kubernetes | helm/helm,2,29,1,0.41,0.41,119,253,62,8.6,14.12,166,1,low,6,post,0,0.5210084033613446,1.3949579831932772,2.1260504201680672,0.5883333333333333,4.143134726391533,5.117993812416755,-0.4739689071472674
2023-07-01,kubernetes,kubernetes,kubernetes/kubernetes | helm/helm,2,30,1,0.41,0.41,120,278,63,11.07,14.24,158,1,low,7,post,0,0.525,1.3166666666666667,2.316666666666667,0.5933333333333334,4.1588830833596715,5.0689042022202315,0.30455970762498086
2023-08-01,kubernetes,kubernetes,kubernetes/kubernetes | helm/helm,2,31,1,0.41,0.41,119,272,63,10.27,13.97,170,1,low,8,post,0,0.5294117647058824,1.4285714285714286,2.2857142857142856,0.5820833333333334,4.1588830833596715,5.14166355650266,0.10698671649477783
2023-09-01,kubernetes,kubernetes,kubernetes/kubernetes | helm/helm,2,32,1,0.41,0.41,118,271,68,9.43,14.72,161,1,low,9,post,0,0.576271186440678,1.3644067796610169,2.2966101694915255,0.6133333333333334,4.23410650459726,5.087596335232384,0.05646074015998313
2023-10-01,kubernetes,kubernetes,kubernetes/kubernetes | helm/helm,2,33,1,0.41,0.41,113,264,62,10.23,13.43,158,1,low,10,post,0,0.5486725663716814,1.3982300884955752,2.336283185840708,0.5595833333333333,4.143134726391533,5.0689042022202315,-0.06437648612962706
2023-11-01,kubernetes,kubernetes,kubernetes/kubernetes | helm/helm,2,34,1,0.41,0.41,120,247,64,10.13,14.11,167,1,low,11,post,0,0.5333333333333333,1.3916666666666666,2.058333333333333,0.5879166666666666,4.174387269895637,5.123963979403259,0.08012383574485488
2023-12-01,kubernetes,kubernetes,kubernetes/kubernetes | helm/helm,2,35,1,0.41,0.41,113,268,59,10.92,15.75,164,1,low,12,post,0,0.5221238938053098,1.4513274336283186,2.3716814159292037,0.65625,4.0943445622221,5.10594547390058,0.5420282041677686
2024-01-01,kubernetes,kubernetes,kubernetes/kubernetes | helm/helm,2,36,1,0.41,0.41,116,242,62,11.29,11.87,160,1,low,13,post,0,0.5344827586206896,1.3793103448275863,2.086206896551724,0.4945833333333333,4.143134726391533,5.081404364984463,-0.02001344858756047
2024-02-01,kubernetes,kubernetes,kubernetes/kubernetes | helm/helm,2,37,1,0.41,0.41,112,246,64,9.48,14.11,164,1,low,14,post,0,0.5714285714285714,1.4642857142857142,2.1964285714285716,0.5879166666666666,4.174387269895637,5.10594547390058,-0.05903961366998629
2024-03-01,kubernetes,kubernetes,kubernetes/kubernetes | helm/helm,2,38,1,0.41,0.41,110,235,61,10.57,14.36,164,1,low,15,post,0,0.5545454545454546,1.490909090909091,2.1363636363636362,0.5983333333333333,4.127134385045092,5.10594547390058,0.27691000391140286
2024-04-01,kubernetes,kubernetes,kubernetes/kubernetes | helm/helm,2,39,1,0.41,0.41,107,236,62,10.75,14.27,151,1,low,16,post,0,0.5794392523364486,1.411214953271028,2.205607476635514,0.5945833333333334,4.143134726391533,5.0238805208462765,0.2699298025016564
2024-05-01,kubernetes,kubernetes,kubernetes/kubernetes | helm/helm,2,40,1,0.41,0.41,107,244,61,11.13,14.17,154,1,low,17,post,0,0.5700934579439252,1.439252336448598,2.2803738317757007,0.5904166666666667,4.127134385045092,5.043425116919247,0.3733554058911098
2024-06-01,kubernetes,kubernetes,kubernetes/kubernetes | helm/helm,2,41,1,0.41,0.41,110,232,62,9.8,14.52,154,1,low,18,post,0,0.5636363636363636,1.4,2.109090909090909,0.605,4.143134726391533,5.043425116919247,-0.005609977702888055
2024-07-01,kubernetes,kubernetes,kubernetes/kubernetes | helm/helm,2,42,1,0.41,0.41,111,266,62,9.34,14.18,160,1,low,19,post,0,0.5585585585585585,1.4414414414414414,2.3963963963963963,0.5908333333333333,4.143134726391533,5.081404364984463,-0.17552638214563093
2024-08-01,kubernetes,kubernetes,kubernetes/kubernetes | helm/helm,2,43,1,0.41,0.41,115,244,61,10.17,14.6,152,1,low,20,post,0,0.5304347826086957,1.3217391304347825,2.121739130434783,0.6083333333333333,4.127134385045092,5.030437921392435,0.020805071103334752
2024-09-01,kubernetes,kubernetes,kubernetes/kubernetes | helm/helm,2,44,1,0.41,0.41,112,234,59,9.6,15.21,164,1,low,21,post,0,0.5267857142857143,1.4642857142857142,2.0892857142857144,0.63375,4.0943445622221,5.10594547390058,0.02725578016772405
2024-10-01,kubernetes,kubernetes,kubernetes/kubernetes | helm/helm,2,45,1,0.41,0.41,112,235,63,9.78,13.54,162,1,low,22,post,0,0.5625,1.4464285714285714,2.0982142857142856,0.5641666666666666,4.1588830833596715,5.093750200806762,-0.11256356625035015
2024-11-01,kubernetes,kubernetes,kubernetes/kubernetes | helm/helm,2,46,1,0.41,0.41,116,246,63,9.92,15.38,171,1,low,23,post,0,0.5431034482758621,1.4741379310344827,2.1206896551724137,0.6408333333333334,4.1588830833596715,5.147494476813453,0.29348093290284527
2024-12-01,kubernetes,kubernetes,kubernetes/kubernetes | helm/helm,2,47,1,0.41,0.41,118,250,64,9.79,14.44,165,1,low,24,post,0,0.5423728813559322,1.3983050847457628,2.1186440677966103,0.6016666666666667,4.174387269895637,5.111987788356544,0.0356554076973911
2021-01-01,python,python,psf/requests | pandas-dev/pandas | pallets/flask,3,0,0,0.82,0.0,138,432,59,10.11,13.18,156,1,high,-23,pre,1,0.427536231884058,1.1304347826086956,3.130434782608696,0.5491666666666667,4.0943445622221,5.056245805348308,-0.5075106411817668
2021-02-01,python,python,psf/requests | pandas-dev/pandas | pallets/flask,3,1,0,0.82,0.0,143,440,61,9.44,13.18,155,1,high,-22,pre,1,0.42657342657342656,1.083916083916084,3.076923076923077,0.5491666666666667,4.127134385045092,5.049856007249537,-0.7116466953822942
2021-03-01,python,python,psf/requests | pandas-dev/pandas | pallets/flask,3,2,0,0.82,0.0,142,435,64,9.22,14.57,155,1,high,-21,pre,1,0.4507042253521127,1.091549295774648,3.063380281690141,0.6070833333333333,4.174387269895637,5.049856007249537,-0.43331944756520246
2021-04-01,python,python,psf/requests | pandas-dev/pandas | pallets/flask,3,3,0,0.82,0.0,138,434,60,10.37,14.01,161,1,high,-20,pre,1,0.43478260869565216,1.1666666666666667,3.1449275362318843,0.58375,4.110873864173311,5.087596335232384,-0.20613642587887537
2021-05-01,python,python,psf/requests | pandas-dev/pandas | pallets/flask,3,4,0,0.82,0.0,143,458,60,9.7,13.69,161,1,high,-19,pre,1,0.4195804195804196,1.1258741258741258,3.202797202797203,0.5704166666666667,4.110873864173311,5.087596335232384,-0.5230950324238045
2021-06-01,python,python,psf/requests | pandas-dev/pandas | pallets/flask,3,5,0,0.82,0.0,138,443,64,9.71,15.17,168,1,high,-18,pre,1,0.463768115942029,1.2173913043478262,3.210144927536232,0.6320833333333333,4.174387269895637,5.1298987149230735,-0.0393259727668544
2021-07-01,python,python,psf/requests | pandas-dev/pandas | pallets/flask,3,6,0,0.82,0.0,141,424,61,10.36,14.18,154,1,high,-17,pre,1,0.4326241134751773,1.0921985815602837,3.00709219858156,0.5908333333333333,4.127134385045092,5.043425116919247,-0.22278194642849736
2021-08-01,python,python,psf/requests | pandas-dev/pandas | pallets/flask,3,7,0,0.82,0.0,140,444,59,9.41,14.32,153,1,high,-16,pre,1,0.42142857142857143,1.0928571428571427,3.1714285714285713,0.5966666666666667,4.0943445622221,5.0369526024136295,-0.5670233623189098
2021-09-01,python,python,psf/requests | pandas-dev/pandas | pallets/flask,3,8,0,0.82,0.0,145,437,61,10.36,14.08,149,1,high,-15,pre,1,0.4206896551724138,1.0275862068965518,3.013793103448276,0.5866666666666667,4.127134385045092,5.0106352940962555,-0.3054785426758433
2021-10-01,python,python,psf/requests | pandas-dev/pandas | pallets/flask,3,9,0,0.82,0.0,141,422,64,10.47,13.62,156,1,high,-14,pre,1,0.45390070921985815,1.1063829787234043,2.99290780141844,0.5675,4.174387269895637,5.056245805348308,-0.1829922327161562
2021-11-01,python,python,psf/requests | pandas-dev/pandas | pallets/flask,3,10,0,0.82,0.0,140,426,62,10.41,14.65,149,1,high,-13,pre,1,0.44285714285714284,1.0642857142857143,3.0428571428571427,0.6104166666666667,4.143134726391533,5.0106352940962555,-0.11907401785640603
2021-12-01,python,python,psf/requests | pandas-dev/pandas | pallets/flask,3,11,0,0.82,0.0,141,422,65,10.27,14.75,148,1,high,-12,pre,1,0.46099290780141844,1.049645390070922,2.99290780141844,0.6145833333333334,4.189654742026425,5.003946305945459,-0.07022029897250331
2022-01-01,python,python,psf/requests | pandas-dev/pandas | pallets/flask,3,12,0,0.82,0.0,141,425,63,10.08,14.52,158,1,high,-11,pre,1,0.44680851063829785,1.1205673758865249,3.0141843971631204,0.605,4.1588830833596715,5.0689042022202315,-0.1634772388367473
2022-02-01,python,python,psf/requests | pandas-dev/pandas | pallets/flask,3,13,0,0.82,0.0,142,439,58,9.93,14.1,151,1,high,-10,pre,1,0.4084507042253521,1.0633802816901408,3.091549295774648,0.5875,4.07753744390572,5.0238805208462765,-0.49719746755587013
2022-03-01,python,python,psf/requests | pandas-dev/pandas | pallets/flask,3,14,0,0.82,0.0,141,419,61,9.63,15.38,160,1,high,-9,pre,1,0.4326241134751773,1.1347517730496455,2.971631205673759,0.6408333333333334,4.127134385045092,5.081404364984463,-0.20108691024473943
2022-04-01,python,python,psf/requests | pandas-dev/pandas | pallets/flask,3,15,0,0.82,0.0,135,407,59,9.43,13.83,143,1,high,-8,pre,1,0.43703703703703706,1.0592592592592593,3.0148148148148146,0.57625,4.0943445622221,4.969813299576001,-0.6827102689805211
2022-05-01,python,python,psf/requests | pandas-dev/pandas | pallets/flask,3,16,0,0.82,0.0,133,405,59,9.03,14.62,151,1,high,-7,pre,1,0.44360902255639095,1.1353383458646618,3.045112781954887,0.6091666666666666,4.0943445622221,5.0238805208462765,-0.5941057458188617
2022-06-01,python,python,psf/requests | pandas-dev/pandas | pallets/flask,3,17,0,0.82,0.0,135,416,62,9.09,13.53,161,1,high,-6,pre,1,0.45925925925925926,1.1925925925925926,3.0814814814814815,0.56375,4.143134726391533,5.087596335232384,-0.6233738238880147
2022-07-01,python,python,psf/requests | pandas-dev/pandas | pallets/flask,3,18,0,0.82,0.0,138,412,59,9.19,16.26,148,1,high,-5,pre,1,0.427536231884058,1.0724637681159421,2.9855072463768115,0.6775000000000001,4.0943445622221,5.003946305945459,-0.3082961996820962
2022-08-01,python,python,psf/requests | pandas-dev/pandas | pallets/flask,3,19,0,0.82,0.0,137,397,60,10.59,15.33,155,1,high,-4,pre,1,0.43795620437956206,1.1313868613138687,2.897810218978102,0.63875,4.110873864173311,5.049856007249537,0.06895368803665308
2022-09-01,python,python,psf/requests | pandas-dev/pandas | pallets/flask,3,20,0,0.82,0.0,135,416,57,10.51,15.36,151,1,high,-3,pre,1,0.4222222222222222,1.1185185185185185,3.0814814814814815,0.64,4.060443010546419,5.0238805208462765,-0.05558291189937692
2022-10-01,python,python,psf/requests | pandas-dev/pandas | pallets/flask,3,21,0,0.82,0.0,138,415,65,9.26,14.32,159,1,high,-2,pre,1,0.47101449275362317,1.1521739130434783,3.0072463768115942,0.5966666666666667,4.189654742026425,5.075173815233827,-0.3745245211069109
2022-11-01,python,python,psf/requests | pandas-dev/pandas | pallets/flask,3,22,0,0.82,0.0,139,428,62,10.19,14.37,162,1,high,-1,pre,1,0.4460431654676259,1.1654676258992807,3.079136690647482,0.59875,4.143134726391533,5.093750200806762,-0.14020158556389056
2022-12-01,python,python,psf/requests | pandas-dev/pandas | pallets/flask,3,23,1,0.82,0.82,134,382,66,11.2,17.86,171,1,high,0,post,1,0.4925373134328358,1.2761194029850746,2.8507462686567164,0.7441666666666666,4.204692619390966,5.147494476813453,1.0519843535717726
2023-01-01,python,python,psf/requests | pandas-dev/pandas | pallets/flask,3,24,1,0.82,0.82,139,398,64,11.59,16.63,154,1,high,1,post,1,0.460431654676259,1.1079136690647482,2.8633093525179856,0.6929166666666666,4.174387269895637,5.043425116919247,0.7277446677439791
2023-02-01,python,python,psf/requests | pandas-dev/pandas | pallets/flask,3,25,1,0.82,0.82,141,409,74,10.98,16.88,169,1,high,2,post,1,0.524822695035461,1.198581560283688,2.900709219858156,0.7033333333333333,4.31748811353631,5.135798437050262,0.9682929528859525
2023-03-01,python,python,psf/requests | pandas-dev/pandas | pallets/flask,3,26,1,0.82,0.82,141,407,71,9.83,16.96,169,1,high,3,post,1,0.5035460992907801,1.198581560283688,2.8865248226950353,0.7066666666666667,4.276666119016055,5.135798437050262,0.5170366882546203
2023-04-01,python,python,psf/requests | pandas-dev/pandas | pallets/flask,3,27,1,0.82,0.82,146,394,75,10.78,16.16,164,1,high,4,post,1,0.5136986301369864,1.1232876712328768,2.6986301369863015,0.6733333333333333,4.330733340286331,5.10594547390058,0.7279805137118327
2023-05-01,python,python,psf/requests | pandas-dev/pandas | pallets/flask,3,28,1,0.82,0.82,145,400,75,10.73,15.5,176,1,high,5,post,1,0.5172413793103449,1.2137931034482758,2.7586206896551726,0.6458333333333334,4.330733340286331,5.176149732573829,0.6828521701602974
2023-06-01,python,python,psf/requests | pandas-dev/pandas | pallets/flask,3,29,1,0.82,0.82,147,410,72,10.43,15.94,173,1,high,6,post,1,0.4897959183673469,1.1768707482993197,2.7891156462585034,0.6641666666666667,4.290459441148391,5.159055299214529,0.5367186361563362
2023-07-01,python,python,psf/requests | pandas-dev/pandas | pallets/flask,3,30,1,0.82,0.82,147,382,77,11.04,16.17,178,1,high,7,post,1,0.5238095238095238,1.2108843537414966,2.598639455782313,0.6737500000000001,4.356708826689592,5.187385805840755,0.9627860516546296
2023-08-01,python,python,psf/requests | pandas-dev/pandas | pallets/flask,3,31,1,0.82,0.82,148,388,76,10.67,16.56,172,1,high,8,post,1,0.5135135135135135,1.162162162162162,2.6216216216216215,0.69,4.343805421853684,5.153291594497779,0.8336881712966436
2023-09-01,python,python,psf/requests | pandas-dev/pandas | pallets/flask,3,32,1,0.82,0.82,143,395,79,10.92,17.2,180,1,high,9,post,1,0.5524475524475524,1.2587412587412588,2.762237762237762,0.7166666666666667,4.382026634673881,5.198497031265826,1.2184806526423584
2023-10-01,python,python,psf/requests | pandas-dev/pandas | pallets/flask,3,33,1,0.82,0.82,145,389,73,11.05,16.61,170,1,high,10,post,1,0.503448275862069,1.1724137931034482,2.682758620689655,0.6920833333333333,4.30406509320417,5.14166355650266,0.885766804997807
2023-11-01,python,python,psf/requests | pandas-dev/pandas | pallets/flask,3,34,1,0.82,0.82,135,401,70,11.22,15.72,174,1,high,11,post,1,0.5185185185185185,1.288888888888889,2.9703703703703703,0.655,4.2626798770413155,5.1647859739235145,0.8056727923559518
2023-12-01,python,python,psf/requests | pandas-dev/pandas | pallets/flask,3,35,1,0.82,0.82,145,395,73,11.75,15.95,174,1,high,12,post,1,0.503448275862069,1.2,2.7241379310344827,0.6645833333333333,4.30406509320417,5.1647859739235145,1.0220841883558214
2024-01-01,python,python,psf/requests | pandas-dev/pandas | pallets/flask,3,36,1,0.82,0.82,138,395,71,11.46,16.8,181,1,high,13,post,1,0.5144927536231884,1.3115942028985508,2.86231884057971,0.7000000000000001,4.276666119016055,5.204006687076795,1.1322100832271278
2024-02-01,python,python,psf/requests | pandas-dev/pandas | pallets/flask,3,37,1,0.82,0.82,143,385,72,10.39,17.32,173,1,high,14,post,1,0.5034965034965035,1.2097902097902098,2.6923076923076925,0.7216666666666667,4.290459441148391,5.159055299214529,0.8061455608560808
2024-03-01,python,python,psf/requests | pandas-dev/pandas | pallets/flask,3,38,1,0.82,0.82,139,384,72,11.02,16.48,177,1,high,15,post,1,0.5179856115107914,1.2733812949640289,2.762589928057554,0.6866666666666666,4.290459441148391,5.181783550292085,0.9231125645578636
2024-04-01,python,python,psf/requests | pandas-dev/pandas | pallets/flask,3,39,1,0.82,0.82,136,373,73,10.19,16.78,172,1,high,16,post,1,0.5367647058823529,1.2647058823529411,2.7426470588235294,0.6991666666666667,4.30406509320417,5.153291594497779,0.7285946370072682
2024-05-01,python,python,psf/requests | pandas-dev/pandas | pallets/flask,3,40,1,0.82,0.82,139,381,72,11.09,16.11,167,1,high,17,post,1,0.5179856115107914,1.2014388489208634,2.741007194244604,0.67125,4.290459441148391,5.123963979403259,0.807070308393814
2024-06-01,python,python,psf/requests | pandas-dev/pandas | pallets/flask,3,41,1,0.82,0.82,135,374,71,10.21,17.28,168,1,high,18,post,1,0.5259259259259259,1.2444444444444445,2.77037037037037,0.7200000000000001,4.276666119016055,5.1298987149230735,0.7445773652374693
2024-07-01,python,python,psf/requests | pandas-dev/pandas | pallets/flask,3,42,1,0.82,0.82,138,389,75,11.22,17.48,186,1,high,19,post,1,0.5434782608695652,1.3478260869565217,2.818840579710145,0.7283333333333334,4.330733340286331,5.231108616854587,1.3345763352020374
2024-08-01,python,python,psf/requests | pandas-dev/pandas | pallets/flask,3,43,1,0.82,0.82,143,373,72,10.75,14.54,177,1,high,20,post,1,0.5034965034965035,1.2377622377622377,2.6083916083916083,0.6058333333333333,4.290459441148391,5.181783550292085,0.4487187230632332
2024-09-01,python,python,psf/requests | pandas-dev/pandas | pallets/flask,3,44,1,0.82,0.82,143,376,70,10.47,16.23,168,1,high,21,post,1,0.48951048951048953,1.1748251748251748,2.629370629370629,0.67625,4.2626798770413155,5.1298987149230735,0.5394607320255961
2024-10-01,python,python,psf/requests | pandas-dev/pandas | pallets/flask,3,45,1,0.82,0.82,140,372,73,10.82,16.23,180,1,high,22,post,1,0.5214285714285715,1.2857142857142858,2.657142857142857,0.67625,4.30406509320417,5.198497031265826,0.8554173338179674
2024-11-01,python,python,psf/requests | pandas-dev/pandas | pallets/flask,3,46,1,0.82,0.82,140,375,75,10.73,16.3,171,1,high,23,post,1,0.5357142857142857,1.2214285714285715,2.6785714285714284,0.6791666666666667,4.330733340286331,5.147494476813453,0.8351484163344133
2024-12-01,python,python,psf/requests | pandas-dev/pandas | pallets/flask,3,47,1,0.82,0.82,144,383,75,10.94,16.26,174,1,high,24,post,1,0.5208333333333334,1.2083333333333333,2.6597222222222223,0.6775000000000001,4.330733340286331,5.1647859739235145,0.883242451082846
2021-01-01,pytorch,pytorch,pytorch/pytorch | lightning-ai/pytorch-lightning,2,0,0,0.48,0.0,87,299,42,8.53,12.25,149,1,low,-23,pre,0,0.4827586206896552,1.7126436781609196,3.4367816091954024,0.5104166666666666,3.7612001156935624,5.0106352940962555,-1.1240729951268797
2021-02-01,pytorch,pytorch,pytorch/pytorch | lightning-ai/pytorch-lightning,2,1,0,0.48,0.0,88,314,49,9.36,13.81,139,1,low,-22,pre,0,0.5568181818181818,1.5795454545454546,3.5681818181818183,0.5754166666666667,3.912023005428146,4.941642422609304,-0.49225797297134366
2021-03-01,pytorch,pytorch,pytorch/pytorch | lightning-ai/pytorch-lightning,2,2,0,0.48,0.0,91,332,50,9.47,13.26,137,1,low,-21,pre,0,0.5494505494505495,1.5054945054945055,3.6483516483516483,0.5525,3.9318256327243257,4.927253685157205,-0.5995822226206864
2021-04-01,pytorch,pytorch,pytorch/pytorch | lightning-ai/pytorch-lightning,2,3,0,0.48,0.0,91,326,47,9.82,12.69,141,1,low,-20,pre,0,0.5164835164835165,1.5494505494505495,3.5824175824175826,0.5287499999999999,3.871201010907891,4.955827057601261,-0.6356849303117847
2021-05-01,pytorch,pytorch,pytorch/pytorch | lightning-ai/pytorch-lightning,2,4,0,0.48,0.0,93,309,48,8.57,14.04,143,1,low,-19,pre,0,0.5161290322580645,1.5376344086021505,3.3225806451612905,0.585,3.8918202981106265,4.969813299576001,-0.7803219228773917
2021-06-01,pytorch,pytorch,pytorch/pytorch | lightning-ai/pytorch-lightning,2,5,0,0.48,0.0,91,316,53,9.97,13.69,147,1,low,-18,pre,0,0.5824175824175825,1.6153846153846154,3.4725274725274726,0.5704166666666667,3.9889840465642745,4.997212273764115,-0.1579962722213052
2021-07-01,pytorch,pytorch,pytorch/pytorch | lightning-ai/pytorch-lightning,2,6,0,0.48,0.0,92,318,50,8.69,11.63,149,1,low,-17,pre,0,0.5434782608695652,1.6195652173913044,3.4565217391304346,0.48458333333333337,3.9318256327243257,5.0106352940962555,-1.0343957586752046
2021-08-01,pytorch,pytorch,pytorch/pytorch | lightning-ai/pytorch-lightning,2,7,0,0.48,0.0,93,323,54,8.27,11.91,150,1,low,-16,pre,0,0.5806451612903226,1.6129032258064515,3.4731182795698925,0.49625,4.007333185232471,5.017279836814924,-1.005902742360313
2021-09-01,pytorch,pytorch,pytorch/pytorch | lightning-ai/pytorch-lightning,2,8,0,0.48,0.0,92,307,50,9.03,13.84,150,1,low,-15,pre,0,0.5434782608695652,1.6304347826086956,3.3369565217391304,0.5766666666666667,3.9318256327243257,5.017279836814924,-0.5131215484080454
2021-10-01,pytorch,pytorch,pytorch/pytorch | lightning-ai/pytorch-lightning,2,9,0,0.48,0.0,91,307,51,9.54,13.34,140,1,low,-14,pre,0,0.5604395604395604,1.5384615384615385,3.3736263736263736,0.5558333333333333,3.9512437185814275,4.948759890378168,-0.4989984332350587
2021-11-01,pytorch,pytorch,pytorch/pytorch | lightning-ai/pytorch-lightning,2,10,0,0.48,0.0,92,297,48,8.7,13.15,151,1,low,-13,pre,0,0.5217391304347826,1.641304347826087,3.2282608695652173,0.5479166666666667,3.8918202981106265,5.0238805208462765,-0.7952273673844279
2021-12-01,pytorch,pytorch,pytorch/pytorch | lightning-ai/pytorch-lightning,2,11,0,0.48,0.0,89,305,48,9.53,11.73,150,1,low,-12,pre,0,0.5393258426966292,1.6853932584269662,3.4269662921348316,0.48875,3.8918202981106265,5.017279836814924,-0.7374775434336209
2022-01-01,pytorch,pytorch,pytorch/pytorch | lightning-ai/pytorch-lightning,2,12,0,0.48,0.0,88,298,49,10.24,13.11,140,1,low,-11,pre,0,0.5568181818181818,1.5909090909090908,3.3863636363636362,0.54625,3.912023005428146,4.948759890378168,-0.3207486294077863
2022-02-01,pytorch,pytorch,pytorch/pytorch | lightning-ai/pytorch-lightning,2,13,0,0.48,0.0,88,285,47,9.41,14.48,140,1,low,-10,pre,0,0.5340909090909091,1.5909090909090908,3.2386363636363638,0.6033333333333334,3.871201010907891,4.948759890378168,-0.4041343272442417
2022-03-01,pytorch,pytorch,pytorch/pytorch | lightning-ai/pytorch-lightning,2,14,0,0.48,0.0,86,293,48,9.1,13.06,145,1,low,-9,pre,0,0.5581395348837209,1.686046511627907,3.4069767441860463,0.5441666666666667,3.8918202981106265,4.983606621708336,-0.6364295467935684
2022-04-01,pytorch,pytorch,pytorch/pytorch | lightning-ai/pytorch-lightning,2,15,0,0.48,0.0,87,290,45,9.06,13.47,132,1,low,-8,pre,0,0.5172413793103449,1.5172413793103448,3.3333333333333335,0.56125,3.828641396489095,4.890349128221754,-0.8351602549922668
2022-05-01,pytorch,pytorch,pytorch/pytorch | lightning-ai/pytorch-lightning,2,16,0,0.48,0.0,86,304,45,9.13,12.36,140,1,low,-7,pre,0,0.5232558139534884,1.627906976744186,3.5348837209302326,0.515,3.828641396489095,4.948759890378168,-0.9024008478273442
2022-06-01,pytorch,pytorch,pytorch/pytorch | lightning-ai/pytorch-lightning,2,17,0,0.48,0.0,88,294,50,9.47,14.3,149,1,low,-6,pre,0,0.5681818181818182,1.6931818181818181,3.340909090909091,0.5958333333333333,3.9318256327243257,5.0106352940962555,-0.2238313624892117
2022-07-01,pytorch,pytorch,pytorch/pytorch | lightning-ai/pytorch-lightning,2,18,0,0.48,0.0,88,291,51,9.57,12.69,150,1,low,-5,pre,0,0.5795454545454546,1.7045454545454546,3.3068181818181817,0.5287499999999999,3.9512437185814275,5.017279836814924,-0.440672340996105
2022-08-01,pytorch,pytorch,pytorch/pytorch | lightning-ai/pytorch-lightning,2,19,0,0.48,0.0,88,292,45,9.73,13.16,146,1,low,-4,pre,0,0.5113636363636364,1.6590909090909092,3.3181818181818183,0.5483333333333333,3.828641396489095,4.990432586778736,-0.5310622902683977
2022-09-01,pytorch,pytorch,pytorch/pytorch | lightning-ai/pytorch-lightning,2,20,0,0.48,0.0,91,275,47,9.42,14.01,139,1,low,-3,pre,0,0.5164835164835165,1.5274725274725274,3.021978021978022,0.58375,3.871201010907891,4.941642422609304,-0.5493023812995903
2022-10-01,pytorch,pytorch,pytorch/pytorch | lightning-ai/pytorch-lightning,2,21,0,0.48,0.0,82,284,46,10.07,13.6,141,1,low,-2,pre,0,0.5609756097560976,1.7195121951219512,3.4634146341463414,0.5666666666666667,3.8501476017100584,4.955827057601261,-0.24995432400787027
2022-11-01,pytorch,pytorch,pytorch/pytorch | lightning-ai/pytorch-lightning,2,22,0,0.48,0.0,92,277,48,9.33,12.71,139,1,low,-1,pre,0,0.5217391304347826,1.5108695652173914,3.010869565217391,0.5295833333333334,3.8918202981106265,4.941642422609304,-0.799960890587113
2022-12-01,pytorch,pytorch,pytorch/pytorch | lightning-ai/pytorch-lightning,2,23,1,0.48,0.48,88,284,53,9.68,14.39,148,1,low,0,post,0,0.6022727272727273,1.6818181818181819,3.227272727272727,0.5995833333333334,3.9889840465642745,5.003946305945459,-0.05947140251624228
2023-01-01,pytorch,pytorch,pytorch/pytorch | lightning-ai/pytorch-lightning,2,24,1,0.48,0.48,93,297,54,10.15,15.65,148,1,low,1,post,0,0.5806451612903226,1.5913978494623655,3.193548387096774,0.6520833333333333,4.007333185232471,5.003946305945459,0.261425064400142
2023-02-01,pytorch,pytorch,pytorch/pytorch | lightning-ai/pytorch-lightning,2,25,1,0.48,0.48,90,291,58,10.88,13.13,160,1,low,2,post,0,0.6444444444444445,1.7777777777777777,3.2333333333333334,0.5470833333333334,4.07753744390572,5.081404364984463,0.3513482729895675
2023-03-01,pytorch,pytorch,pytorch/pytorch | lightning-ai/pytorch-lightning,2,26,1,0.48,0.48,92,267,59,9.62,14.37,152,1,low,3,post,0,0.6413043478260869,1.6521739130434783,2.902173913043478,0.59875,4.0943445622221,5.030437921392435,0.06977160212466307
2023-04-01,pytorch,pytorch,pytorch/pytorch | lightning-ai/pytorch-lightning,2,27,1,0.48,0.48,91,305,58,10.8,15.35,155,1,low,4,post,0,0.6373626373626373,1.7032967032967032,3.3516483516483517,0.6395833333333333,4.07753744390572,5.049856007249537,0.6522326507199053
2023-05-01,pytorch,pytorch,pytorch/pytorch | lightning-ai/pytorch-lightning,2,28,1,0.48,0.48,99,292,58,9.94,14.88,157,1,low,5,post,0,0.5858585858585859,1.5858585858585859,2.9494949494949494,0.62,4.07753744390572,5.062595033026967,0.1695964578292931
2023-06-01,pytorch,pytorch,pytorch/pytorch | lightning-ai/pytorch-lightning,2,29,1,0.48,0.48,96,288,58,10.18,15.16,156,1,low,6,post,0,0.6041666666666666,1.625,3.0,0.6316666666666667,4.07753744390572,5.056245805348308,0.33756737334954856
2023-07-01,pytorch,pytorch,pytorch/pytorch | lightning-ai/pytorch-lightning,2,30,1,0.48,0.48,90,293,55,10.08,14.23,155,1,low,7,post,0,0.6111111111111112,1.7222222222222223,3.2555555555555555,0.5929166666666666,4.02535169073515,5.049856007249537,0.14301500594795158
2023-08-01,pytorch,pytorch,pytorch/pytorch | lightning-ai/pytorch-lightning,2,31,1,0.48,0.48,99,289,61,9.68,13.65,160,1,low,8,post,0,0.6161616161616161,1.6161616161616161,2.919191919191919,0.56875,4.127134385045092,5.081404364984463,-0.016202191060421728
2023-09-01,pytorch,pytorch,pytorch/pytorch | lightning-ai/pytorch-lightning,2,32,1,0.48,0.48,96,277,60,10.15,13.74,161,1,low,9,post,0,0.625,1.6770833333333333,2.8854166666666665,0.5725,4.110873864173311,5.087596335232384,0.1837894608787069
2023-10-01,pytorch,pytorch,pytorch/pytorch | lightning-ai/pytorch-lightning,2,33,1,0.48,0.48,94,291,61,10.14,15.43,158,1,low,10,post,0,0.648936170212766,1.6808510638297873,3.095744680851064,0.6429166666666667,4.127134385045092,5.0689042022202315,0.5202368606080837
2023-11-01,pytorch,pytorch,pytorch/pytorch | lightning-ai/pytorch-lightning,2,34,1,0.48,0.48,94,277,59,9.7,13.52,165,1,low,11,post,0,0.6276595744680851,1.7553191489361701,2.9468085106382977,0.5633333333333334,4.0943445622221,5.111987788356544,0.045283366220319254
2023-12-01,pytorch,pytorch,pytorch/pytorch | lightning-ai/pytorch-lightning,2,35,1,0.48,0.48,92,264,60,9.98,13.77,161,1,low,12,post,0,0.6521739130434783,1.75,2.869565217391304,0.57375,4.110873864173311,5.087596335232384,0.20674300690248118
2024-01-01,pytorch,pytorch,pytorch/pytorch | lightning-ai/pytorch-lightning,2,36,1,0.48,0.48,89,276,58,10.05,14.82,156,1,low,13,post,0,0.651685393258427,1.752808988764045,3.101123595505618,0.6175,4.07753744390572,5.056245805348308,0.3615420053848377
2024-02-01,pytorch,pytorch,pytorch/pytorch | lightning-ai/pytorch-lightning,2,37,1,0.48,0.48,91,261,60,10.76,14.69,158,1,low,14,post,0,0.6593406593406593,1.7362637362637363,2.868131868131868,0.6120833333333333,4.110873864173311,5.0689042022202315,0.6135072835353859
2024-03-01,pytorch,pytorch,pytorch/pytorch | lightning-ai/pytorch-lightning,2,38,1,0.48,0.48,88,253,57,10.29,14.45,155,1,low,15,post,0,0.6477272727272727,1.7613636363636365,2.875,0.6020833333333333,4.060443010546419,5.049856007249537,0.3510463384163158
2024-04-01,pytorch,pytorch,pytorch/pytorch | lightning-ai/pytorch-lightning,2,39,1,0.48,0.48,89,263,58,9.58,13.92,160,1,low,16,post,0,0.651685393258427,1.797752808988764,2.955056179775281,0.58,4.07753744390572,5.081404364984463,0.09060743996769205
2024-05-01,pytorch,pytorch,pytorch/pytorch | lightning-ai/pytorch-lightning,2,40,1,0.48,0.48,88,242,58,10.05,14.09,160,1,low,17,post,0,0.6590909090909091,1.8181818181818181,2.75,0.5870833333333333,4.07753744390572,5.081404364984463,0.29491372054832066
2024-06-01,pytorch,pytorch,pytorch/pytorch | lightning-ai/pytorch-lightning,2,41,1,0.48,0.48,86,246,58,10.33,14.28,160,1,low,18,post,0,0.6744186046511628,1.8604651162790697,2.86046511627907,0.595,4.07753744390572,5.081404364984463,0.4627851676414749
2024-07-01,pytorch,pytorch,pytorch/pytorch | lightning-ai/pytorch-lightning,2,42,1,0.48,0.48,89,272,57,9.66,14.49,157,1,low,19,post,0,0.6404494382022472,1.7640449438202248,3.056179775280899,0.60375,4.060443010546419,5.062595033026967,0.15569283499960254
2024-08-01,pytorch,pytorch,pytorch/pytorch | lightning-ai/pytorch-lightning,2,43,1,0.48,0.48,90,251,62,11.14,15.18,170,1,low,20,post,0,0.6888888888888889,1.8888888888888888,2.7888888888888888,0.6325,4.143134726391533,5.14166355650266,1.0392379501243454
2024-09-01,pytorch,pytorch,pytorch/pytorch | lightning-ai/pytorch-lightning,2,44,1,0.48,0.48,84,259,58,10.68,13.99,157,1,low,21,post,0,0.6904761904761905,1.869047619047619,3.0833333333333335,0.5829166666666666,4.07753744390572,5.062595033026967,0.532966154854256
2024-10-01,pytorch,pytorch,pytorch/pytorch | lightning-ai/pytorch-lightning,2,45,1,0.48,0.48,94,270,61,10.28,13.07,165,1,low,22,post,0,0.648936170212766,1.7553191489361701,2.872340425531915,0.5445833333333333,4.127134385045092,5.111987788356544,0.21357321569771565
2024-11-01,pytorch,pytorch,pytorch/pytorch | lightning-ai/pytorch-lightning,2,46,1,0.48,0.48,90,262,60,11.22,15.09,168,1,low,23,post,0,0.6666666666666666,1.8666666666666667,2.911111111111111,0.62875,4.110873864173311,5.1298987149230735,0.9661219883919787
2024-12-01,pytorch,pytorch,pytorch/pytorch | lightning-ai/pytorch-lightning,2,47,1,0.48,0.48,89,269,57,8.73,15.84,162,1,low,24,post,0,0.6404494382022472,1.8202247191011236,3.0224719101123596,0.66,4.060443010546419,5.093750200806762,0.15297424667110698
2021-01-01,reactjs,reactjs,facebook/react | reduxjs/redux | vercel/next.js,3,0,0,0.73,0.0,113,409,54,9.64,14.15,148,1,high,-23,pre,1,0.4778761061946903,1.3097345132743363,3.6194690265486726,0.5895833333333333,4.007333185232471,5.003946305945459,-0.45765331180743457
2021-02-01,reactjs,reactjs,facebook/react | reduxjs/redux | vercel/next.js,3,1,0,0.73,0.0,121,405,57,10.41,12.72,153,1,high,-22,pre,1,0.47107438016528924,1.2644628099173554,3.347107438016529,0.53,4.060443010546419,5.0369526024136295,-0.4195970293537134
2021-03-01,reactjs,reactjs,facebook/react | reduxjs/redux | vercel/next.js,3,2,0,0.73,0.0,116,406,56,9.12,13.78,152,1,high,-21,pre,1,0.4827586206896552,1.3103448275862069,3.5,0.5741666666666666,4.04305126783455,5.030437921392435,-0.6326913587185803
2021-04-01,reactjs,reactjs,facebook/react | reduxjs/redux | vercel/next.js,3,3,0,0.73,0.0,121,402,58,9.3,13.26,159,1,high,-20,pre,1,0.4793388429752066,1.3140495867768596,3.322314049586777,0.5525,4.07753744390572,5.075173815233827,-0.6036832873308389
2021-05-01,reactjs,reactjs,facebook/react | reduxjs/redux | vercel/next.js,3,4,0,0.73,0.0,122,400,55,8.93,14.02,146,1,high,-19,pre,1,0.45081967213114754,1.1967213114754098,3.278688524590164,0.5841666666666666,4.02535169073515,4.990432586778736,-0.7951681051796455
2021-06-01,reactjs,reactjs,facebook/react | reduxjs/redux | vercel/next.js,3,5,0,0.73,0.0,122,420,57,9.22,14.4,153,1,high,-18,pre,1,0.4672131147540984,1.2540983606557377,3.442622950819672,0.6,4.060443010546419,5.0369526024136295,-0.5139027895415068
2021-07-01,reactjs,reactjs,facebook/react | reduxjs/redux | vercel/next.js,3,6,0,0.73,0.0,119,406,53,10.27,13.86,155,1,high,-17,pre,1,0.44537815126050423,1.3025210084033614,3.411764705882353,0.5775,3.9889840465642745,5.049856007249537,-0.34238086525539985
2021-08-01,reactjs,reactjs,facebook/react | reduxjs/redux | vercel/next.js,3,7,0,0.73,0.0,125,406,58,9.82,12.75,158,1,high,-16,pre,1,0.464,1.264,3.248,0.53125,4.07753744390572,5.0689042022202315,-0.5765277930816406
2021-09-01,reactjs,reactjs,facebook/react | reduxjs/redux | vercel/next.js,3,8,0,0.73,0.0,119,404,59,10.47,14.85,145,1,high,-15,pre,1,0.4957983193277311,1.218487394957983,3.3949579831932772,0.61875,4.0943445622221,4.983606621708336,-0.00018086659731134103
2021-10-01,reactjs,reactjs,facebook/react | reduxjs/redux | vercel/next.js,3,9,0,0.73,0.0,119,400,58,10.76,12.97,154,1,high,-14,pre,1,0.48739495798319327,1.2941176470588236,3.361344537815126,0.5404166666666667,4.07753744390572,5.043425116919247,-0.20035496480607978
2021-11-01,reactjs,reactjs,facebook/react | reduxjs/redux | vercel/next.js,3,10,0,0.73,0.0,120,411,56,10.08,13.67,148,1,high,-13,pre,1,0.4666666666666667,1.2333333333333334,3.425,0.5695833333333333,4.04305126783455,5.003946305945459,-0.4168064543843242
2021-12-01,reactjs,reactjs,facebook/react | reduxjs/redux | vercel/next.js,3,11,0,0.73,0.0,119,394,55,9.9,13.78,150,1,high,-12,pre,1,0.46218487394957986,1.2605042016806722,3.310924369747899,0.5741666666666666,4.02535169073515,5.017279836814924,-0.4587343478759237
2022-01-01,reactjs,reactjs,facebook/react | reduxjs/redux | vercel/next.js,3,12,0,0.73,0.0,114,403,55,8.99,12.83,155,1,high,-11,pre,1,0.4824561403508772,1.3596491228070176,3.5350877192982457,0.5345833333333333,4.02535169073515,5.049856007249537,-0.8278694296890805
2022-02-01,reactjs,reactjs,facebook/react | reduxjs/redux | vercel/next.js,3,13,0,0.73,0.0,119,401,56,9.27,13.47,151,1,high,-10,pre,1,0.47058823529411764,1.26890756302521,3.369747899159664,0.56125,4.04305126783455,5.0238805208462765,-0.681312345117981
2022-03-01,reactjs,reactjs,facebook/react | reduxjs/redux | vercel/next.js,3,14,0,0.73,0.0,115,377,54,9.99,13.85,135,1,high,-9,pre,1,0.46956521739130436,1.173913043478261,3.2782608695652176,0.5770833333333333,4.007333185232471,4.912654885736052,-0.5336882390934186
2022-04-01,reactjs,reactjs,facebook/react | reduxjs/redux | vercel/next.js,3,15,0,0.73,0.0,113,386,53,9.4,14.4,160,1,high,-8,pre,1,0.4690265486725664,1.415929203539823,3.415929203539823,0.6,3.9889840465642745,5.081404364984463,-0.4147890895185631
2022-05-01,reactjs,reactjs,facebook/react | reduxjs/redux | vercel/next.js,3,16,0,0.73,0.0,111,390,55,9.04,13.53,152,1,high,-7,pre,1,0.4954954954954955,1.3693693693693694,3.5135135135135136,0.56375,4.02535169073515,5.030437921392435,-0.6752798208120597
2022-06-01,reactjs,reactjs,facebook/react | reduxjs/redux | vercel/next.js,3,17,0,0.73,0.0,114,365,58,9.94,14.29,159,1,high,-6,pre,1,0.5087719298245614,1.394736842105263,3.2017543859649122,0.5954166666666666,4.07753744390572,5.075173815233827,-0.12821734285869635
2022-07-01,reactjs,reactjs,facebook/react | reduxjs/redux | vercel/next.js,3,18,0,0.73,0.0,115,377,55,9.67,13.45,160,1,high,-5,pre,1,0.4782608695652174,1.391304347826087,3.2782608695652176,0.5604166666666667,4.02535169073515,5.081404364984463,-0.462542432536003
2022-08-01,reactjs,reactjs,facebook/react | reduxjs/redux | vercel/next.js,3,19,0,0.73,0.0,112,389,53,9.06,14.37,150,1,high,-4,pre,1,0.4732142857142857,1.3392857142857142,3.4732142857142856,0.59875,3.9889840465642745,5.017279836814924,-0.6076388124523848
2022-09-01,reactjs,reactjs,facebook/react | reduxjs/redux | vercel/next.js,3,20,0,0.73,0.0,115,378,58,9.77,13.28,157,1,high,-3,pre,1,0.5043478260869565,1.3652173913043477,3.2869565217391306,0.5533333333333333,4.07753744390572,5.062595033026967,-0.3957612864592771
2022-10-01,reactjs,reactjs,facebook/react | reduxjs/redux | vercel/next.js,3,21,0,0.73,0.0,117,382,57,8.91,13.8,153,1,high,-2,pre,1,0.48717948717948717,1.3076923076923077,3.264957264957265,0.5750000000000001,4.060443010546419,5.0369526024136295,-0.6698077563593519
2022-11-01,reactjs,reactjs,facebook/react | reduxjs/redux | vercel/next.js,3,22,0,0.73,0.0,119,407,60,9.24,15.18,157,1,high,-1,pre,1,0.5042016806722689,1.319327731092437,3.4201680672268906,0.6325,4.110873864173311,5.062595033026967,-0.21008430986655557
2022-12-01,reactjs,reactjs,facebook/react | reduxjs/redux | vercel/next.js,3,23,1,0.73,0.73,119,377,64,11.78,16.33,157,1,high,0,post,1,0.5378151260504201,1.319327731092437,3.168067226890756,0.6804166666666666,4.174387269895637,5.062595033026967,0.9468226001095712
2023-01-01,reactjs,reactjs,facebook/react | reduxjs/redux | vercel/next.js,3,24,1,0.73,0.73,123,357,63,10.66,16.56,163,1,high,1,post,1,0.5121951219512195,1.3252032520325203,2.902439024390244,0.69,4.1588830833596715,5.099866427824199,0.5990251510360158
2023-02-01,reactjs,reactjs,facebook/react | reduxjs/redux | vercel/next.js,3,25,1,0.73,0.73,120,367,66,10.35,15.66,160,1,high,2,post,1,0.55,1.3333333333333333,3.058333333333333,0.6525,4.204692619390966,5.081404364984463,0.4344343741668767
2023-03-01,reactjs,reactjs,facebook/react | reduxjs/redux | vercel/next.js,3,26,1,0.73,0.73,118,361,65,10.49,15.31,165,1,high,3,post,1,0.5508474576271186,1.3983050847457628,3.059322033898305,0.6379166666666667,4.189654742026425,5.111987788356544,0.45139155745418785
2023-04-01,reactjs,reactjs,facebook/react | reduxjs/redux | vercel/next.js,3,27,1,0.73,0.73,126,375,68,9.41,15.26,169,1,high,4,post,1,0.5396825396825397,1.3412698412698412,2.9761904761904763,0.6358333333333334,4.23410650459726,5.135798437050262,0.12445266363526147
2023-05-01,reactjs,reactjs,facebook/react | reduxjs/redux | vercel/next.js,3,28,1,0.73,0.73,124,388,69,10.46,16.27,160,1,high,5,post,1,0.5564516129032258,1.2903225806451613,3.129032258064516,0.6779166666666666,4.248495242049359,5.081404364984463,0.6285935817966926
2023-06-01,reactjs,reactjs,facebook/react | reduxjs/redux | vercel/next.js,3,29,1,0.73,0.73,123,376,68,10.92,17.39,161,1,high,6,post,1,0.5528455284552846,1.3089430894308942,3.0569105691056913,0.7245833333333334,4.23410650459726,5.087596335232384,0.9692752262973764
2023-07-01,reactjs,reactjs,facebook/react | reduxjs/redux | vercel/next.js,3,30,1,0.73,0.73,123,375,69,11.21,15.16,165,1,high,7,post,1,0.5609756097560976,1.3414634146341464,3.048780487804878,0.6316666666666667,4.248495242049359,5.111987788356544,0.7233857189746932
2023-08-01,reactjs,reactjs,facebook/react | reduxjs/redux | vercel/next.js,3,31,1,0.73,0.73,122,357,70,10.23,16.03,174,1,high,8,post,1,0.5737704918032787,1.4262295081967213,2.9262295081967213,0.6679166666666667,4.2626798770413155,5.1647859739235145,0.676509035981133
2023-09-01,reactjs,reactjs,facebook/react | reduxjs/redux | vercel/next.js,3,32,1,0.73,0.73,123,367,64,10.63,15.6,165,1,high,9,post,1,0.5203252032520326,1.3414634146341464,2.983739837398374,0.65,4.174387269895637,5.111987788356544,0.46226067769311785
2023-10-01,reactjs,reactjs,facebook/react | reduxjs/redux | vercel/next.js,3,33,1,0.73,0.73,125,375,67,11.54,16.34,160,1,high,10,post,1,0.536,1.28,3.0,0.6808333333333333,4.219507705176107,5.081404364984463,0.9221317588663355
2023-11-01,reactjs,reactjs,facebook/react | reduxjs/redux | vercel/next.js,3,34,1,0.73,0.73,122,349,67,10.92,16.45,172,1,high,11,post,1,0.5491803278688525,1.4098360655737705,2.860655737704918,0.6854166666666667,4.219507705176107,5.153291594497779,0.8698522798879702
2023-12-01,reactjs,reactjs,facebook/react | reduxjs/redux | vercel/next.js,3,35,1,0.73,0.73,120,353,68,11.11,16.15,160,1,high,12,post,1,0.5666666666666667,1.3333333333333333,2.941666666666667,0.6729166666666666,4.23410650459726,5.081404364984463,0.8313483829441254
2024-01-01,reactjs,reactjs,facebook/react | reduxjs/redux | vercel/next.js,3,36,1,0.73,0.73,118,360,66,10.64,15.5,170,1,high,13,post,1,0.559322033898305,1.4406779661016949,3.0508474576271185,0.6458333333333334,4.204692619390966,5.14166355650266,0.6073380315965348
2024-02-01,reactjs,reactjs,facebook/react | reduxjs/redux | vercel/next.js,3,37,1,0.73,0.73,119,351,67,11.08,16.13,170,1,high,14,post,1,0.5630252100840336,1.4285714285714286,2.9495798319327733,0.6720833333333333,4.219507705176107,5.14166355650266,0.8828554199017277
2024-03-01,reactjs,reactjs,facebook/react | reduxjs/redux | vercel/next.js,3,38,1,0.73,0.73,117,358,65,11.12,16.45,162,1,high,15,post,1,0.5555555555555556,1.3846153846153846,3.0598290598290596,0.6854166666666667,4.189654742026425,5.093750200806762,0.8491107477689379
2024-04-01,reactjs,reactjs,facebook/react | reduxjs/redux | vercel/next.js,3,39,1,0.73,0.73,114,361,71,10.92,16.19,178,1,high,16,post,1,0.6228070175438597,1.5614035087719298,3.1666666666666665,0.6745833333333334,4.276666119016055,5.187385805840755,1.0957781469351395
2024-05-01,reactjs,reactjs,facebook/react | reduxjs/redux | vercel/next.js,3,40,1,0.73,0.73,117,346,65,10.06,16.43,167,1,high,17,post,1,0.5555555555555556,1.4273504273504274,2.9572649572649574,0.6845833333333333,4.189654742026425,5.123963979403259,0.5428589648230016
2024-06-01,reactjs,reactjs,facebook/react | reduxjs/redux | vercel/next.js,3,41,1,0.73,0.73,115,356,65,11.08,15.7,169,1,high,18,post,1,0.5652173913043478,1.4695652173913043,3.0956521739130434,0.6541666666666667,4.189654742026425,5.135798437050262,0.7854105681606308
2024-07-01,reactjs,reactjs,facebook/react | reduxjs/redux | vercel/next.js,3,42,1,0.73,0.73,115,347,66,10.75,17.61,172,1,high,19,post,1,0.5739130434782609,1.4956521739130435,3.017391304347826,0.73375,4.204692619390966,5.153291594497779,1.079696359229109
2024-08-01,reactjs,reactjs,facebook/react | reduxjs/redux | vercel/next.js,3,43,1,0.73,0.73,115,346,69,10.79,15.48,170,1,high,20,post,1,0.6,1.4782608695652173,3.008695652173913,0.645,4.248495242049359,5.14166355650266,0.7812056254989886
2024-09-01,reactjs,reactjs,facebook/react | reduxjs/redux | vercel/next.js,3,44,1,0.73,0.73,116,340,69,11.38,15.33,166,1,high,21,post,1,0.5948275862068966,1.4310344827586208,2.9310344827586206,0.63875,4.248495242049359,5.117993812416755,0.8990891996546062
2024-10-01,reactjs,reactjs,facebook/react | reduxjs/redux | vercel/next.js,3,45,1,0.73,0.73,118,352,70,10.52,15.56,176,1,high,22,post,1,0.5932203389830508,1.4915254237288136,2.983050847457627,0.6483333333333333,4.2626798770413155,5.176149732573829,0.751306927196451
2024-11-01,reactjs,reactjs,facebook/react | reduxjs/redux | vercel/next.js,3,46,1,0.73,0.73,114,345,70,10.07,16.2,169,1,high,23,post,1,0.6140350877192983,1.4824561403508771,3.026315789473684,0.6749999999999999,4.2626798770413155,5.135798437050262,0.7113459444841365
2024-12-01,reactjs,reactjs,facebook/react | reduxjs/redux | vercel/next.js,3,47,1,0.73,0.73,123,341,71,10.91,16.3,184,1,high,24,post,1,0.5772357723577236,1.4959349593495934,2.772357723577236,0.6791666666666667,4.276666119016055,5.220355825078324,1.0469405364471478
2021-01-01,rust,rust,rust-lang/rust | tokio-rs/tokio,2,0,0,0.34,0.0,80,255,43,9.32,11.58,143,1,low,-23,pre,0,0.5375,1.7875,3.1875,0.4825,3.784189633918261,4.969813299576001,-0.8826262495375697
2021-02-01,rust,rust,rust-lang/rust | tokio-rs/tokio,2,1,0,0.34,0.0,84,279,50,8.83,11.69,141,1,low,-22,pre,0,0.5952380952380952,1.6785714285714286,3.3214285714285716,0.4870833333333333,3.9318256327243257,4.955827057601261,-0.9189234073592609
2021-03-01,rust,rust,rust-lang/rust | tokio-rs/tokio,2,2,0,0.34,0.0,86,261,44,8.58,12.72,134,1,low,-21,pre,0,0.5116279069767442,1.558139534883721,3.0348837209302326,0.53,3.8066624897703196,4.90527477843843,-1.1166172611829472
2021-04-01,rust,rust,rust-lang/rust | tokio-rs/tokio,2,3,0,0.34,0.0,88,252,48,8.86,11.49,129,1,low,-20,pre,0,0.5454545454545454,1.4659090909090908,2.8636363636363638,0.47875,3.8918202981106265,4.867534450455582,-1.2186662779003723
2021-05-01,rust,rust,rust-lang/rust | tokio-rs/tokio,2,4,0,0.34,0.0,85,268,45,8.36,13.33,130,1,low,-19,pre,0,0.5294117647058824,1.5294117647058822,3.152941176470588,0.5554166666666667,3.828641396489095,4.875197323201151,-1.0763806149862565
2021-06-01,rust,rust,rust-lang/rust | tokio-rs/tokio,2,5,0,0.34,0.0,88,274,48,9.72,11.83,135,1,low,-18,pre,0,0.5454545454545454,1.5340909090909092,3.1136363636363638,0.49291666666666667,3.8918202981106265,4.912654885736052,-0.8087949858970408
2021-07-01,rust,rust,rust-lang/rust | tokio-rs/tokio,2,6,0,0.34,0.0,89,295,47,8.57,14.18,138,1,low,-17,pre,0,0.5280898876404494,1.550561797752809,3.3146067415730336,0.5908333333333333,3.871201010907891,4.9344739331306915,-0.7724209132838119
2021-08-01,rust,rust,rust-lang/rust | tokio-rs/tokio,2,7,0,0.34,0.0,90,277,48,8.0,12.46,142,1,low,-16,pre,0,0.5333333333333333,1.5777777777777777,3.077777777777778,0.5191666666666667,3.8918202981106265,4.962844630259907,-1.2116007653855267
2021-09-01,rust,rust,rust-lang/rust | tokio-rs/tokio,2,8,0,0.34,0.0,89,254,49,9.33,12.54,140,1,low,-15,pre,0,0.550561797752809,1.5730337078651686,2.853932584269663,0.5225,3.912023005428146,4.948759890378168,-0.7381932242071831
2021-10-01,rust,rust,rust-lang/rust | tokio-rs/tokio,2,9,0,0.34,0.0,91,284,46,9.28,13.92,152,1,low,-14,pre,0,0.5054945054945055,1.6703296703296704,3.120879120879121,0.58,3.8501476017100584,5.030437921392435,-0.4986733111708077
2021-11-01,rust,rust,rust-lang/rust | tokio-rs/tokio,2,10,0,0.34,0.0,87,269,48,8.69,12.57,144,1,low,-13,pre,0,0.5517241379310345,1.6551724137931034,3.0919540229885056,0.52375,3.8918202981106265,4.976733742420574,-0.8894960912661827
2021-12-01,rust,rust,rust-lang/rust | tokio-rs/tokio,2,11,0,0.34,0.0,86,258,44,8.88,10.94,143,1,low,-12,pre,0,0.5116279069767442,1.6627906976744187,3.0,0.4558333333333333,3.8066624897703196,4.969813299576001,-1.2360866030042916
2022-01-01,rust,rust,rust-lang/rust | tokio-rs/tokio,2,12,0,0.34,0.0,86,267,45,8.49,11.91,142,1,low,-11,pre,0,0.5232558139534884,1.6511627906976745,3.104651162790698,0.49625,3.828641396489095,4.962844630259907,-1.1690421478443531
2022-02-01,rust,rust,rust-lang/rust | tokio-rs/tokio,2,13,0,0.34,0.0,85,264,46,8.9,12.31,133,1,low,-10,pre,0,0.5411764705882353,1.5647058823529412,3.1058823529411765,0.5129166666666667,3.8501476017100584,4.897839799950911,-1.0192416075184494
2022-03-01,rust,rust,rust-lang/rust | tokio-rs/tokio,2,14,0,0.34,0.0,84,253,48,8.76,11.83,151,1,low,-9,pre,0,0.5714285714285714,1.7976190476190477,3.011904761904762,0.49291666666666667,3.8918202981106265,5.0238805208462765,-0.8580493169709645
2022-04-01,rust,rust,rust-lang/rust | tokio-rs/tokio,2,15,0,0.34,0.0,81,248,44,9.47,13.62,144,1,low,-8,pre,0,0.5432098765432098,1.7777777777777777,3.0617283950617282,0.5675,3.8066624897703196,4.976733742420574,-0.44424860920998516
2022-05-01,rust,rust,rust-lang/rust | tokio-rs/tokio,2,16,0,0.34,0.0,77,245,44,8.84,11.61,139,1,low,-7,pre,0,0.5714285714285714,1.8051948051948052,3.1818181818181817,0.48374999999999996,3.8066624897703196,4.941642422609304,-0.9855585063788308
2022-06-01,rust,rust,rust-lang/rust | tokio-rs/tokio,2,17,0,0.34,0.0,85,244,46,8.93,12.86,145,1,low,-6,pre,0,0.5411764705882353,1.7058823529411764,2.8705882352941177,0.5358333333333333,3.8501476017100584,4.983606621708336,-0.7688327212703588
2022-07-01,rust,rust,rust-lang/rust | tokio-rs/tokio,2,18,0,0.34,0.0,83,223,46,8.74,13.03,141,1,low,-5,pre,0,0.5542168674698795,1.6987951807228916,2.6867469879518073,0.5429166666666666,3.8501476017100584,4.955827057601261,-0.8070858949756576
2022-08-01,rust,rust,rust-lang/rust | tokio-rs/tokio,2,19,0,0.34,0.0,85,232,51,9.88,12.31,152,1,low,-4,pre,0,0.6,1.7882352941176471,2.7294117647058824,0.5129166666666667,3.9512437185814275,5.030437921392435,-0.32468929923046663
2022-09-01,rust,rust,rust-lang/rust | tokio-rs/tokio,2,20,0,0.34,0.0,92,243,49,9.35,13.3,138,1,low,-3,pre,0,0.532608695652174,1.5,2.641304347826087,0.5541666666666667,3.912023005428146,4.9344739331306915,-0.6672847998800717
2022-10-01,rust,rust,rust-lang/rust | tokio-rs/tokio,2,21,0,0.34,0.0,87,240,50,9.72,13.79,142,1,low,-2,pre,0,0.5747126436781609,1.632183908045977,2.7586206896551726,0.5745833333333333,3.9318256327243257,4.962844630259907,-0.2955964317265918
2022-11-01,rust,rust,rust-lang/rust | tokio-rs/tokio,2,22,0,0.34,0.0,81,260,48,8.33,12.38,142,1,low,-1,pre,0,0.5925925925925926,1.7530864197530864,3.2098765432098766,0.5158333333333334,3.8918202981106265,4.962844630259907,-0.9432324231517146
2022-12-01,rust,rust,rust-lang/rust | tokio-rs/tokio,2,23,1,0.34,0.34,88,233,56,9.9,12.61,161,1,low,0,post,0,0.6363636363636364,1.8295454545454546,2.647727272727273,0.5254166666666666,4.04305126783455,5.087596335232384,-0.07090236690328716
2023-01-01,rust,rust,rust-lang/rust | tokio-rs/tokio,2,24,1,0.34,0.34,92,254,50,9.52,12.64,148,1,low,1,post,0,0.5434782608695652,1.608695652173913,2.760869565217391,0.5266666666666667,3.9318256327243257,5.003946305945459,-0.5921992909016108
2023-02-01,rust,rust,rust-lang/rust | tokio-rs/tokio,2,25,1,0.34,0.34,88,242,56,9.92,13.18,146,1,low,2,post,0,0.6363636363636364,1.6590909090909092,2.75,0.5491666666666667,4.04305126783455,4.990432586778736,-0.13177415452542424
2023-03-01,rust,rust,rust-lang/rust | tokio-rs/tokio,2,26,1,0.34,0.34,89,250,55,8.84,12.99,153,1,low,3,post,0,0.6179775280898876,1.7191011235955056,2.808988764044944,0.54125,4.02535169073515,5.0369526024136295,-0.48834945191249035
2023-04-01,rust,rust,rust-lang/rust | tokio-rs/tokio,2,27,1,0.34,0.34,94,241,57,10.14,14.4,158,1,low,4,post,0,0.6063829787234043,1.6808510638297873,2.5638297872340425,0.6,4.060443010546419,5.0689042022202315,0.2126171135087073
2023-05-01,rust,rust,rust-lang/rust | tokio-rs/tokio,2,28,1,0.34,0.34,89,265,55,9.37,13.89,155,1,low,5,post,0,0.6179775280898876,1.7415730337078652,2.9775280898876404,0.57875,4.02535169073515,5.049856007249537,-0.13044811134925843
2023-06-01,rust,rust,rust-lang/rust | tokio-rs/tokio,2,29,1,0.34,0.34,91,246,55,9.33,13.43,155,1,low,6,post,0,0.6043956043956044,1.7032967032967032,2.7032967032967035,0.5595833333333333,4.02535169073515,5.049856007249537,-0.26493813693925256
2023-07-01,rust,rust,rust-lang/rust | tokio-rs/tokio,2,30,1,0.34,0.34,93,251,54,9.27,13.89,158,1,low,7,post,0,0.5806451612903226,1.6989247311827957,2.6989247311827955,0.57875,4.007333185232471,5.0689042022202315,-0.23602202129320926
2023-08-01,rust,rust,rust-lang/rust | tokio-rs/tokio,2,31,1,0.34,0.34,90,249,57,10.51,14.58,159,1,low,8,post,0,0.6333333333333333,1.7666666666666666,2.7666666666666666,0.6075,4.060443010546419,5.075173815233827,0.4515377057514694
2023-09-01,rust,rust,rust-lang/rust | tokio-rs/tokio,2,32,1,0.34,0.34,96,232,54,10.04,12.87,164,1,low,9,post,0,0.5625,1.7083333333333333,2.4166666666666665,0.53625,4.007333185232471,5.10594547390058,-0.16017242363504924
2023-10-01,rust,rust,rust-lang/rust | tokio-rs/tokio,2,33,1,0.34,0.34,88,241,54,9.66,13.12,152,1,low,10,post,0,0.6136363636363636,1.7272727272727273,2.7386363636363638,0.5466666666666666,4.007333185232471,5.030437921392435,-0.21983850336121724
2023-11-01,rust,rust,rust-lang/rust | tokio-rs/tokio,2,34,1,0.34,0.34,94,241,58,10.43,13.87,154,1,low,11,post,0,0.6170212765957447,1.6382978723404256,2.5638297872340425,0.5779166666666666,4.07753744390572,5.043425116919247,0.19905591355373714
2023-12-01,rust,rust,rust-lang/rust | tokio-rs/tokio,2,35,1,0.34,0.34,88,221,54,9.69,13.02,164,1,low,12,post,0,0.6136363636363636,1.8636363636363635,2.5113636363636362,0.5425,4.007333185232471,5.10594547390058,-0.09177929812757712
2024-01-01,rust,rust,rust-lang/rust | tokio-rs/tokio,2,36,1,0.34,0.34,89,235,56,9.52,14.07,151,1,low,13,post,0,0.6292134831460674,1.696629213483146,2.640449438202247,0.58625,4.04305126783455,5.0238805208462765,-0.06362882407091558
2024-02-01,rust,rust,rust-lang/rust | tokio-rs/tokio,2,37,1,0.34,0.34,88,207,54,10.07,14.17,160,1,low,14,post,0,0.6136363636363636,1.8181818181818181,2.352272727272727,0.5904166666666667,4.007333185232471,5.081404364984463,0.19452697440709854
2024-03-01,rust,rust,rust-lang/rust | tokio-rs/tokio,2,38,1,0.34,0.34,86,209,57,10.36,13.92,155,1,low,15,post,0,0.6627906976744186,1.802325581395349,2.4302325581395348,0.58,4.060443010546419,5.049856007249537,0.3189792375461587
2024-04-01,rust,rust,rust-lang/rust | tokio-rs/tokio,2,39,1,0.34,0.34,82,240,53,9.82,13.76,157,1,low,16,post,0,0.6463414634146342,1.9146341463414633,2.926829268292683,0.5733333333333334,3.9889840465642745,5.062595033026967,0.10504538395615809
2024-05-01,rust,rust,rust-lang/rust | tokio-rs/tokio,2,40,1,0.34,0.34,87,221,57,9.96,14.38,160,1,low,17,post,0,0.6551724137931034,1.839080459770115,2.5402298850574714,0.5991666666666667,4.060443010546419,5.081404364984463,0.3085860584341155
2024-06-01,rust,rust,rust-lang/rust | tokio-rs/tokio,2,41,1,0.34,0.34,79,220,52,10.5,15.51,150,1,low,18,post,0,0.6582278481012658,1.8987341772151898,2.7848101265822787,0.64625,3.970291913552122,5.017279836814924,0.5968067360354757
2024-07-01,rust,rust,rust-lang/rust | tokio-rs/tokio,2,42,1,0.34,0.34,84,215,58,9.23,13.19,157,1,low,19,post,0,0.6904761904761905,1.869047619047619,2.5595238095238093,0.5495833333333333,4.07753744390572,5.062595033026967,-0.08413644004256793
2024-08-01,rust,rust,rust-lang/rust | tokio-rs/tokio,2,43,1,0.34,0.34,85,234,54,10.68,12.62,152,1,low,20,post,0,0.6352941176470588,1.7882352941176471,2.7529411764705882,0.5258333333333333,4.007333185232471,5.030437921392435,0.08305127287027736
2024-09-01,rust,rust,rust-lang/rust | tokio-rs/tokio,2,44,1,0.34,0.34,84,227,57,10.79,13.84,149,1,low,21,post,0,0.6785714285714286,1.7738095238095237,2.7023809523809526,0.5766666666666667,4.060443010546419,5.0106352940962555,0.41609988707683354
2024-10-01,rust,rust,rust-lang/rust | tokio-rs/tokio,2,45,1,0.34,0.34,84,224,54,10.37,14.3,154,1,low,22,post,0,0.6428571428571429,1.8333333333333333,2.6666666666666665,0.5958333333333333,4.007333185232471,5.043425116919247,0.33093284404018886
2024-11-01,rust,rust,rust-lang/rust | tokio-rs/tokio,2,46,1,0.34,0.34,89,223,57,9.65,12.76,157,1,low,23,post,0,0.6404494382022472,1.7640449438202248,2.50561797752809,0.5316666666666666,4.060443010546419,5.062595033026967,-0.1603938972977242
2024-12-01,rust,rust,rust-lang/rust | tokio-rs/tokio,2,47,1,0.34,0.34,86,230,55,10.26,12.83,161,1,low,24,post,0,0.6395348837209303,1.872093023255814,2.6744186046511627,0.5345833333333333,4.02535169073515,5.087596335232384,0.09838158407177972
2021-01-01,tensorflow,tensorflow,tensorflow/tensorflow | keras-team/keras,2,0,0,0.62,0.0,98,359,46,10.2,14.18,144,1,mid,-23,pre,0,0.46938775510204084,1.469387755102041,3.663265306122449,0.5908333333333333,3.8501476017100584,4.976733742420574,-0.35284935331606404
2021-02-01,tensorflow,tensorflow,tensorflow/tensorflow | keras-team/keras,2,1,0,0.62,0.0,97,358,48,9.01,13.78,151,1,mid,-22,pre,0,0.4948453608247423,1.556701030927835,3.6907216494845363,0.5741666666666666,3.8918202981106265,5.0238805208462765,-0.6649077897936433
2021-03-01,tensorflow,tensorflow,tensorflow/tensorflow | keras-team/keras,2,2,0,0.62,0.0,100,367,53,9.28,13.46,155,1,mid,-21,pre,0,0.53,1.55,3.67,0.5608333333333334,3.9889840465642745,5.049856007249537,-0.4897897067645749
2021-04-01,tensorflow,tensorflow,tensorflow/tensorflow | keras-team/keras,2,3,0,0.62,0.0,105,365,48,8.85,13.8,146,1,mid,-20,pre,0,0.45714285714285713,1.3904761904761904,3.4761904761904763,0.5750000000000001,3.8918202981106265,4.990432586778736,-0.8796518893959537
2021-05-01,tensorflow,tensorflow,tensorflow/tensorflow | keras-team/keras,2,4,0,0.62,0.0,101,373,50,9.5,12.54,150,1,mid,-19,pre,0,0.49504950495049505,1.4851485148514851,3.6930693069306932,0.5225,3.9318256327243257,5.017279836814924,-0.740348595137787
2021-06-01,tensorflow,tensorflow,tensorflow/tensorflow | keras-team/keras,2,5,0,0.62,0.0,100,375,53,8.56,14.67,155,1,mid,-18,pre,0,0.53,1.55,3.75,0.61125,3.9889840465642745,5.049856007249537,-0.5055824698050928
2021-07-01,tensorflow,tensorflow,tensorflow/tensorflow | keras-team/keras,2,6,0,0.62,0.0,103,368,52,9.21,13.18,145,1,mid,-17,pre,0,0.5048543689320388,1.4077669902912622,3.5728155339805827,0.5491666666666667,3.970291913552122,4.983606621708336,-0.7358074067869058
2021-08-01,tensorflow,tensorflow,tensorflow/tensorflow | keras-team/keras,2,7,0,0.62,0.0,104,365,57,9.86,13.48,165,1,mid,-16,pre,0,0.5480769230769231,1.5865384615384615,3.5096153846153846,0.5616666666666666,4.060443010546419,5.111987788356544,-0.13928774769029217
2021-09-01,tensorflow,tensorflow,tensorflow/tensorflow | keras-team/keras,2,8,0,0.62,0.0,102,381,56,9.59,14.34,158,1,mid,-15,pre,0,0.5490196078431373,1.5490196078431373,3.735294117647059,0.5975,4.04305126783455,5.0689042022202315,-0.13961170387843963
2021-10-01,tensorflow,tensorflow,tensorflow/tensorflow | keras-team/keras,2,9,0,0.62,0.0,103,355,56,8.91,13.81,143,1,mid,-14,pre,0,0.5436893203883495,1.3883495145631068,3.4466019417475726,0.5754166666666667,4.04305126783455,4.969813299576001,-0.617682545634301
2021-11-01,tensorflow,tensorflow,tensorflow/tensorflow | keras-team/keras,2,10,0,0.62,0.0,99,368,49,8.72,13.39,143,1,mid,-13,pre,0,0.494949494949495,1.4444444444444444,3.717171717171717,0.5579166666666667,3.912023005428146,4.969813299576001,-0.9118353658325967
2021-12-01,tensorflow,tensorflow,tensorflow/tensorflow | keras-team/keras,2,11,0,0.62,0.0,101,347,53,9.99,13.16,152,1,mid,-12,pre,0,0.5247524752475248,1.504950495049505,3.4356435643564356,0.5483333333333333,3.9889840465642745,5.030437921392435,-0.3577544053579663
2022-01-01,tensorflow,tensorflow,tensorflow/tensorflow | keras-team/keras,2,12,0,0.62,0.0,98,348,52,9.43,13.79,148,1,mid,-11,pre,0,0.5306122448979592,1.510204081632653,3.5510204081632653,0.5745833333333333,3.970291913552122,5.003946305945459,-0.4513831499009356
2022-02-01,tensorflow,tensorflow,tensorflow/tensorflow | keras-team/keras,2,13,0,0.62,0.0,92,374,50,10.15,13.67,149,1,mid,-10,pre,0,0.5434782608695652,1.6195652173913044,4.065217391304348,0.5695833333333333,3.9318256327243257,5.0106352940962555,-0.18981103879249395
2022-03-01,tensorflow,tensorflow,tensorflow/tensorflow | keras-team/keras,2,14,0,0.62,0.0,90,360,54,10.47,12.87,152,1,mid,-9,pre,0,0.6,1.6888888888888889,4.0,0.53625,4.007333185232471,5.030437921392435,-0.039513871153246505
2022-04-01,tensorflow,tensorflow,tensorflow/tensorflow | keras-team/keras,2,15,0,0.62,0.0,95,344,53,11.16,13.96,135,1,mid,-8,pre,0,0.5578947368421052,1.4210526315789473,3.6210526315789475,0.5816666666666667,3.9889840465642745,4.912654885736052,0.0842180037757476
2022-05-01,tensorflow,tensorflow,tensorflow/tensorflow | keras-team/keras,2,16,0,0.62,0.0,97,342,48,9.96,13.71,148,1,mid,-7,pre,0,0.4948453608247423,1.5257731958762886,3.5257731958762886,0.57125,3.8918202981106265,5.003946305945459,-0.3989632419786403
2022-06-01,tensorflow,tensorflow,tensorflow/tensorflow | keras-team/keras,2,17,0,0.62,0.0,93,329,48,9.51,13.9,147,1,mid,-6,pre,0,0.5161290322580645,1.5806451612903225,3.5376344086021505,0.5791666666666667,3.8918202981106265,4.997212273764115,-0.45635292250382076
2022-07-01,tensorflow,tensorflow,tensorflow/tensorflow | keras-team/keras,2,18,0,0.62,0.0,94,351,49,9.55,15.05,150,1,mid,-5,pre,0,0.5212765957446809,1.5957446808510638,3.734042553191489,0.6270833333333333,3.912023005428146,5.017279836814924,-0.1899282344917359
2022-08-01,tensorflow,tensorflow,tensorflow/tensorflow | keras-team/keras,2,19,0,0.62,0.0,94,341,53,10.43,13.72,150,1,mid,-4,pre,0,0.5638297872340425,1.5957446808510638,3.627659574468085,0.5716666666666667,3.9889840465642745,5.017279836814924,-0.02233378063302352
2022-09-01,tensorflow,tensorflow,tensorflow/tensorflow | keras-team/keras,2,20,0,0.62,0.0,93,339,50,9.35,13.32,144,1,mid,-3,pre,0,0.5376344086021505,1.5483870967741935,3.6451612903225805,0.555,3.9318256327243257,4.976733742420574,-0.5849376423623853
2022-10-01,tensorflow,tensorflow,tensorflow/tensorflow | keras-team/keras,2,21,0,0.62,0.0,99,337,56,9.42,13.16,155,1,mid,-2,pre,0,0.5656565656565656,1.5656565656565657,3.404040404040404,0.5483333333333333,4.04305126783455,5.049856007249537,-0.3917384350932611
2022-11-01,tensorflow,tensorflow,tensorflow/tensorflow | keras-team/keras,2,22,0,0.62,0.0,96,337,55,9.68,13.31,155,1,mid,-1,pre,0,0.5729166666666666,1.6145833333333333,3.5104166666666665,0.5545833333333333,4.02535169073515,5.049856007249537,-0.26131513111510524
2022-12-01,tensorflow,tensorflow,tensorflow/tensorflow | keras-team/keras,2,23,1,0.62,0.62,99,321,59,9.47,15.48,159,1,mid,0,post,0,0.5959595959595959,1.606060606060606,3.242424242424242,0.645,4.0943445622221,5.075173815233827,0.1755003663870547
2023-01-01,tensorflow,tensorflow,tensorflow/tensorflow | keras-team/keras,2,24,1,0.62,0.62,101,320,58,10.95,16.57,154,1,mid,1,post,0,0.5742574257425742,1.5247524752475248,3.1683168316831685,0.6904166666666667,4.07753744390572,5.043425116919247,0.7431645680690092
2023-02-01,tensorflow,tensorflow,tensorflow/tensorflow | keras-team/keras,2,25,1,0.62,0.62,96,341,56,10.83,14.46,155,1,mid,2,post,0,0.5833333333333334,1.6145833333333333,3.5520833333333335,0.6025,4.04305126783455,5.049856007249537,0.35167215743279034
2023-03-01,tensorflow,tensorflow,tensorflow/tensorflow | keras-team/keras,2,26,1,0.62,0.62,102,358,63,9.84,14.83,167,1,mid,3,post,0,0.6176470588235294,1.6372549019607843,3.5098039215686274,0.6179166666666667,4.1588830833596715,5.123963979403259,0.3310821487387027
2023-04-01,tensorflow,tensorflow,tensorflow/tensorflow | keras-team/keras,2,27,1,0.62,0.62,100,344,61,10.2,15.87,154,1,mid,4,post,0,0.61,1.54,3.44,0.66125,4.127134385045092,5.043425116919247,0.4784948482591646
2023-05-01,tensorflow,tensorflow,tensorflow/tensorflow | keras-team/keras,2,28,1,0.62,0.62,105,346,60,9.88,15.05,159,1,mid,5,post,0,0.5714285714285714,1.5142857142857142,3.295238095238095,0.6270833333333333,4.110873864173311,5.075173815233827,0.1698974323461916
2023-06-01,tensorflow,tensorflow,tensorflow/tensorflow | keras-team/keras,2,29,1,0.62,0.62,104,352,66,9.67,15.63,167,1,mid,6,post,0,0.6346153846153846,1.6057692307692308,3.3846153846153846,0.65125,4.204692619390966,5.123963979403259,0.4798934389538083
2023-07-01,tensorflow,tensorflow,tensorflow/tensorflow | keras-team/keras,2,30,1,0.62,0.62,108,329,64,9.63,14.27,161,1,mid,7,post,0,0.5925925925925926,1.4907407407407407,3.0462962962962963,0.5945833333333334,4.174387269895637,5.087596335232384,0.04522151602788193
2023-08-01,tensorflow,tensorflow,tensorflow/tensorflow | keras-team/keras,2,31,1,0.62,0.62,106,327,62,10.7,14.65,156,1,mid,8,post,0,0.5849056603773585,1.471698113207547,3.0849056603773586,0.6104166666666667,4.143134726391533,5.056245805348308,0.382837178991942
2023-09-01,tensorflow,tensorflow,tensorflow/tensorflow | keras-team/keras,2,32,1,0.62,0.62,104,348,67,9.32,15.64,162,1,mid,9,post,0,0.6442307692307693,1.5576923076923077,3.3461538461538463,0.6516666666666667,4.219507705176107,5.093750200806762,0.3499281310108067
2023-10-01,tensorflow,tensorflow,tensorflow/tensorflow | keras-team/keras,2,33,1,0.62,0.62,104,337,64,10.07,14.49,165,1,mid,10,post,0,0.6153846153846154,1.5865384615384615,3.2403846153846154,0.60375,4.174387269895637,5.111987788356544,0.32416505548984864
2023-11-01,tensorflow,tensorflow,tensorflow/tensorflow | keras-team/keras,2,34,1,0.62,0.62,103,328,61,10.49,16.21,169,1,mid,11,post,0,0.5922330097087378,1.6407766990291262,3.1844660194174756,0.6754166666666667,4.127134385045092,5.135798437050262,0.7352432689643222
2023-12-01,tensorflow,tensorflow,tensorflow/tensorflow | keras-team/keras,2,35,1,0.62,0.62,100,325,64,10.7,16.61,160,1,mid,12,post,0,0.64,1.6,3.25,0.6920833333333333,4.174387269895637,5.081404364984463,0.9262453918160982
2024-01-01,tensorflow,tensorflow,tensorflow/tensorflow | keras-team/keras,2,36,1,0.62,0.62,101,325,62,10.91,16.07,162,1,mid,13,post,0,0.6138613861386139,1.603960396039604,3.217821782178218,0.6695833333333333,4.143134726391533,5.093750200806762,0.8402980082829308
2024-02-01,tensorflow,tensorflow,tensorflow/tensorflow | keras-team/keras,2,37,1,0.62,0.62,95,313,63,9.94,16.47,163,1,mid,14,post,0,0.6631578947368421,1.7157894736842105,3.294736842105263,0.6862499999999999,4.1588830833596715,5.099866427824199,0.7387551279580642
2024-03-01,tensorflow,tensorflow,tensorflow/tensorflow | keras-team/keras,2,38,1,0.62,0.62,96,307,58,10.52,16.69,165,1,mid,15,post,0,0.6041666666666666,1.71875,3.1979166666666665,0.6954166666666667,4.07753744390572,5.111987788356544,0.8187626373331109
2024-04-01,tensorflow,tensorflow,tensorflow/tensorflow | keras-team/keras,2,39,1,0.62,0.62,96,300,62,10.72,15.62,162,1,mid,16,post,0,0.6458333333333334,1.6875,3.125,0.6508333333333333,4.143134726391533,5.093750200806762,0.7805619710998004
2024-05-01,tensorflow,tensorflow,tensorflow/tensorflow | keras-team/keras,2,40,1,0.62,0.62,97,299,60,9.99,14.78,158,1,mid,17,post,0,0.6185567010309279,1.6288659793814433,3.082474226804124,0.6158333333333333,4.110873864173311,5.0689042022202315,0.27149810267110375
2024-06-01,tensorflow,tensorflow,tensorflow/tensorflow | keras-team/keras,2,41,1,0.62,0.62,95,306,61,10.6,14.91,161,1,mid,18,post,0,0.6421052631578947,1.694736842105263,3.221052631578947,0.62125,4.127134385045092,5.087596335232384,0.5899717693906552
2024-07-01,tensorflow,tensorflow,tensorflow/tensorflow | keras-team/keras,2,42,1,0.62,0.62,100,299,64,10.84,14.63,175,1,mid,19,post,0,0.64,1.75,2.99,0.6095833333333334,4.174387269895637,5.170483995038151,0.7638293661862079
2024-08-01,tensorflow,tensorflow,tensorflow/tensorflow | keras-team/keras,2,43,1,0.62,0.62,99,319,65,10.91,16.33,164,1,mid,20,post,0,0.6565656565656566,1.6565656565656566,3.2222222222222223,0.6804166666666666,4.189654742026425,5.10594547390058,1.0309462352017849
2024-09-01,tensorflow,tensorflow,tensorflow/tensorflow | keras-team/keras,2,44,1,0.62,0.62,96,314,66,10.42,16.6,161,1,mid,21,post,0,0.6875,1.6770833333333333,3.2708333333333335,0.6916666666666668,4.204692619390966,5.087596335232384,0.9709768762028841
2024-10-01,tensorflow,tensorflow,tensorflow/tensorflow | keras-team/keras,2,45,1,0.62,0.62,101,316,64,10.18,15.77,163,1,mid,22,post,0,0.6336633663366337,1.613861386138614,3.128712871287129,0.6570833333333334,4.174387269895637,5.099866427824199,0.618786039113454
2024-11-01,tensorflow,tensorflow,tensorflow/tensorflow | keras-team/keras,2,46,1,0.62,0.62,101,316,64,10.29,15.01,164,1,mid,23,post,0,0.6336633663366337,1.6237623762376239,3.128712871287129,0.6254166666666666,4.174387269895637,5.10594547390058,0.5271001561118573
2024-12-01,tensorflow,tensorflow,tensorflow/tensorflow | keras-team/keras,2,47,1,0.62,0.62,106,328,67,11.52,15.12,174,1,mid,24,post,0,0.6320754716981132,1.6415094339622642,3.0943396226415096,0.63,4.219507705176107,5.1647859739235145,1.0565265860082595
